"MoveOrder"	"FileName"	"SizeMB"	"SourcePath"	"TargetPath"	"ReferenceCount"	"TargetExists"
"1"	"Rabbbit Grin ORIGINAL COLOR.jpg"	"0.333"	"D:\github\ron-english-sketches-grins\images\Sketches\grins\Rabbbit Grin ORIGINAL COLOR.jpg"	"D:\github\ron-english-sketches-grins\images\Sketches\grins2\Rabbbit Grin ORIGINAL COLOR.jpg"	"2"	"False"
"2"	"Rabbbit Grin ORIGINAL.jpg"	"0.333"	"D:\github\ron-english-sketches-grins\images\Sketches\grins\Rabbbit Grin ORIGINAL.jpg"	"D:\github\ron-english-sketches-grins\images\Sketches\grins2\Rabbbit Grin ORIGINAL.jpg"	"2"	"False"
"3"	"Rabbbit Grin version 2 back B&W.jpg"	"0.276"	"D:\github\ron-english-sketches-grins\images\Sketches\grins\Rabbbit Grin version 2 back B&W.jpg"	"D:\github\ron-english-sketches-grins\images\Sketches\grins2\Rabbbit Grin version 2 back B&W.jpg"	"2"	"False"
"4"	"Rabbbit Grin version 2 back COLOR.jpg"	"0.372"	"D:\github\ron-english-sketches-grins\images\Sketches\grins\Rabbbit Grin version 2 back COLOR.jpg"	"D:\github\ron-english-sketches-grins\images\Sketches\grins2\Rabbbit Grin version 2 back COLOR.jpg"	"2"	"False"
"5"	"Rabbbit Grin version 2 back ORIGINAL.jpg"	"0.07"	"D:\github\ron-english-sketches-grins\images\Sketches\grins\Rabbbit Grin version 2 back ORIGINAL.jpg"	"D:\github\ron-english-sketches-grins\images\Sketches\grins2\Rabbbit Grin version 2 back ORIGINAL.jpg"	"2"	"False"
"6"	"Rabbbit Grin version 2 front B&W.jpg"	"0.118"	"D:\github\ron-english-sketches-grins\images\Sketches\grins\Rabbbit Grin version 2 front B&W.jpg"	"D:\github\ron-english-sketches-grins\images\Sketches\grins2\Rabbbit Grin version 2 front B&W.jpg"	"2"	"False"
"7"	"Rabbbit Grin version 2 front COLOR.jpg"	"0.16"	"D:\github\ron-english-sketches-grins\images\Sketches\grins\Rabbbit Grin version 2 front COLOR.jpg"	"D:\github\ron-english-sketches-grins\images\Sketches\grins2\Rabbbit Grin version 2 front COLOR.jpg"	"2"	"False"
"8"	"Rabbbit Grin version 2 front ORIGINAL.jpg"	"0.157"	"D:\github\ron-english-sketches-grins\images\Sketches\grins\Rabbbit Grin version 2 front ORIGINAL.jpg"	"D:\github\ron-english-sketches-grins\images\Sketches\grins2\Rabbbit Grin version 2 front ORIGINAL.jpg"	"2"	"False"
"9"	"Rabbbit Grin version 2 three quarters B&W.jpg"	"0.358"	"D:\github\ron-english-sketches-grins\images\Sketches\grins\Rabbbit Grin version 2 three quarters B&W.jpg"	"D:\github\ron-english-sketches-grins\images\Sketches\grins2\Rabbbit Grin version 2 three quarters B&W.jpg"	"2"	"False"
"10"	"Rabbbit Grin version 2 three quarters COLOR.jpg"	"0.151"	"D:\github\ron-english-sketches-grins\images\Sketches\grins\Rabbbit Grin version 2 three quarters COLOR.jpg"	"D:\github\ron-english-sketches-grins\images\Sketches\grins2\Rabbbit Grin version 2 three quarters COLOR.jpg"	"2"	"False"
"11"	"Rabbbit Grin version 2 three quarters ORIGINAL.jpg"	"0.096"	"D:\github\ron-english-sketches-grins\images\Sketches\grins\Rabbbit Grin version 2 three quarters ORIGINAL.jpg"	"D:\github\ron-english-sketches-grins\images\Sketches\grins2\Rabbbit Grin version 2 three quarters ORIGINAL.jpg"	"2"	"False"
"12"	"Rabbbit Skull Grin B&W.jpg"	"0.117"	"D:\github\ron-english-sketches-grins\images\Sketches\grins\Rabbbit Skull Grin B&W.jpg"	"D:\github\ron-english-sketches-grins\images\Sketches\grins2\Rabbbit Skull Grin B&W.jpg"	"0"	"False"
"13"	"Rabbbit Skull Grin COLOR.jpg"	"0.273"	"D:\github\ron-english-sketches-grins\images\Sketches\grins\Rabbbit Skull Grin COLOR.jpg"	"D:\github\ron-english-sketches-grins\images\Sketches\grins2\Rabbbit Skull Grin COLOR.jpg"	"0"	"False"
"14"	"Rabbbit Skull Grin ORIGINAL COLOR.jpg"	"0.083"	"D:\github\ron-english-sketches-grins\images\Sketches\grins\Rabbbit Skull Grin ORIGINAL COLOR.jpg"	"D:\github\ron-english-sketches-grins\images\Sketches\grins2\Rabbbit Skull Grin ORIGINAL COLOR.jpg"	"0"	"False"
"15"	"Rabbbit Skull Grin ORIGINAL.jpg"	"0.409"	"D:\github\ron-english-sketches-grins\images\Sketches\grins\Rabbbit Skull Grin ORIGINAL.jpg"	"D:\github\ron-english-sketches-grins\images\Sketches\grins2\Rabbbit Skull Grin ORIGINAL.jpg"	"0"	"False"
"16"	"Rabbbit with Fangs side B&W.jpg"	"0.272"	"D:\github\ron-english-sketches-grins\images\Sketches\grins\Rabbbit with Fangs side B&W.jpg"	"D:\github\ron-english-sketches-grins\images\Sketches\grins2\Rabbbit with Fangs side B&W.jpg"	"2"	"False"
"17"	"Rabbbit with Fangs side COLOR.jpg"	"0.182"	"D:\github\ron-english-sketches-grins\images\Sketches\grins\Rabbbit with Fangs side COLOR.jpg"	"D:\github\ron-english-sketches-grins\images\Sketches\grins2\Rabbbit with Fangs side COLOR.jpg"	"2"	"False"
"18"	"Rabbbit with Fangs side ORIGINAL.jpg"	"0.077"	"D:\github\ron-english-sketches-grins\images\Sketches\grins\Rabbbit with Fangs side ORIGINAL.jpg"	"D:\github\ron-english-sketches-grins\images\Sketches\grins2\Rabbbit with Fangs side ORIGINAL.jpg"	"2"	"False"
"19"	"Rabbit Grin 2 B&W.jpg"	"0.42"	"D:\github\ron-english-sketches-grins\images\Sketches\grins\Rabbit Grin 2 B&W.jpg"	"D:\github\ron-english-sketches-grins\images\Sketches\grins2\Rabbit Grin 2 B&W.jpg"	"2"	"False"
"20"	"Rabbit Grin 2 COLOR.jpg"	"0.139"	"D:\github\ron-english-sketches-grins\images\Sketches\grins\Rabbit Grin 2 COLOR.jpg"	"D:\github\ron-english-sketches-grins\images\Sketches\grins2\Rabbit Grin 2 COLOR.jpg"	"3"	"False"
"21"	"Rabbit Grin 2 ORIGINAL.jpg"	"0.167"	"D:\github\ron-english-sketches-grins\images\Sketches\grins\Rabbit Grin 2 ORIGINAL.jpg"	"D:\github\ron-english-sketches-grins\images\Sketches\grins2\Rabbit Grin 2 ORIGINAL.jpg"	"2"	"False"
"22"	"Rabbit Grin B&W.jpg"	"0.338"	"D:\github\ron-english-sketches-grins\images\Sketches\grins\Rabbit Grin B&W.jpg"	"D:\github\ron-english-sketches-grins\images\Sketches\grins2\Rabbit Grin B&W.jpg"	"2"	"False"
"23"	"Rabbit Grin COLOR.jpg"	"0.288"	"D:\github\ron-english-sketches-grins\images\Sketches\grins\Rabbit Grin COLOR.jpg"	"D:\github\ron-english-sketches-grins\images\Sketches\grins2\Rabbit Grin COLOR.jpg"	"3"	"False"
"24"	"Rabbit Grin ORIGINAL.jpg"	"0.256"	"D:\github\ron-english-sketches-grins\images\Sketches\grins\Rabbit Grin ORIGINAL.jpg"	"D:\github\ron-english-sketches-grins\images\Sketches\grins2\Rabbit Grin ORIGINAL.jpg"	"2"	"False"
"25"	"Ramones Grin 1 ORIGINAL.jpg"	"0.161"	"D:\github\ron-english-sketches-grins\images\Sketches\grins\Ramones Grin 1 ORIGINAL.jpg"	"D:\github\ron-english-sketches-grins\images\Sketches\grins2\Ramones Grin 1 ORIGINAL.jpg"	"3"	"False"
"26"	"Ramones Grin 2 ORIGINAL.jpg"	"0.16"	"D:\github\ron-english-sketches-grins\images\Sketches\grins\Ramones Grin 2 ORIGINAL.jpg"	"D:\github\ron-english-sketches-grins\images\Sketches\grins2\Ramones Grin 2 ORIGINAL.jpg"	"2"	"False"
"27"	"Ramones Grin 3 ORIGINAL.jpg"	"0.046"	"D:\github\ron-english-sketches-grins\images\Sketches\grins\Ramones Grin 3 ORIGINAL.jpg"	"D:\github\ron-english-sketches-grins\images\Sketches\grins2\Ramones Grin 3 ORIGINAL.jpg"	"2"	"False"
"28"	"Ramones Grin 4 ORIGINAL.jpg"	"0.333"	"D:\github\ron-english-sketches-grins\images\Sketches\grins\Ramones Grin 4 ORIGINAL.jpg"	"D:\github\ron-english-sketches-grins\images\Sketches\grins2\Ramones Grin 4 ORIGINAL.jpg"	"2"	"False"
"29"	"Ramones Grin 5 ORIGINAL.jpg"	"0.149"	"D:\github\ron-english-sketches-grins\images\Sketches\grins\Ramones Grin 5 ORIGINAL.jpg"	"D:\github\ron-english-sketches-grins\images\Sketches\grins2\Ramones Grin 5 ORIGINAL.jpg"	"2"	"False"
"30"	"Richie Grin COLOR.jpg"	"0.483"	"D:\github\ron-english-sketches-grins\images\Sketches\grins\Richie Grin COLOR.jpg"	"D:\github\ron-english-sketches-grins\images\Sketches\grins2\Richie Grin COLOR.jpg"	"2"	"False"
"31"	"Richie Grin ORIGINAL COLOR 2.jpg"	"0.13"	"D:\github\ron-english-sketches-grins\images\Sketches\grins\Richie Grin ORIGINAL COLOR 2.jpg"	"D:\github\ron-english-sketches-grins\images\Sketches\grins2\Richie Grin ORIGINAL COLOR 2.jpg"	"2"	"False"
"32"	"Richie Grin ORIGINAL COLOR.jpg"	"0.211"	"D:\github\ron-english-sketches-grins\images\Sketches\grins\Richie Grin ORIGINAL COLOR.jpg"	"D:\github\ron-english-sketches-grins\images\Sketches\grins2\Richie Grin ORIGINAL COLOR.jpg"	"3"	"False"
"33"	"Richie Grin ORIGINAL.jpg"	"0.1"	"D:\github\ron-english-sketches-grins\images\Sketches\grins\Richie Grin ORIGINAL.jpg"	"D:\github\ron-english-sketches-grins\images\Sketches\grins2\Richie Grin ORIGINAL.jpg"	"2"	"False"
"34"	"Ring Racer 1 ORIGINAL COLOR.png"	"0.321"	"D:\github\ron-english-sketches-grins\images\Sketches\grins\Ring Racer 1 ORIGINAL COLOR.png"	"D:\github\ron-english-sketches-grins\images\Sketches\grins2\Ring Racer 1 ORIGINAL COLOR.png"	"2"	"False"
"35"	"Ring Racer 2 ORIGINAL COLOR.png"	"0.34"	"D:\github\ron-english-sketches-grins\images\Sketches\grins\Ring Racer 2 ORIGINAL COLOR.png"	"D:\github\ron-english-sketches-grins\images\Sketches\grins2\Ring Racer 2 ORIGINAL COLOR.png"	"2"	"False"
"36"	"Ring Racer 3 ORIGINAL COLOR.jpg"	"0.326"	"D:\github\ron-english-sketches-grins\images\Sketches\grins\Ring Racer 3 ORIGINAL COLOR.jpg"	"D:\github\ron-english-sketches-grins\images\Sketches\grins2\Ring Racer 3 ORIGINAL COLOR.jpg"	"2"	"False"
"37"	"Ring Racer 4 ORIGINAL COLOR.jpg"	"0.335"	"D:\github\ron-english-sketches-grins\images\Sketches\grins\Ring Racer 4 ORIGINAL COLOR.jpg"	"D:\github\ron-english-sketches-grins\images\Sketches\grins2\Ring Racer 4 ORIGINAL COLOR.jpg"	"2"	"False"
"38"	"Ring Racer 5 ORIGINAL COLOR.jpg"	"0.212"	"D:\github\ron-english-sketches-grins\images\Sketches\grins\Ring Racer 5 ORIGINAL COLOR.jpg"	"D:\github\ron-english-sketches-grins\images\Sketches\grins2\Ring Racer 5 ORIGINAL COLOR.jpg"	"2"	"False"
"39"	"Ring Racer 5 ORIGINAL COLOR.png"	"0.344"	"D:\github\ron-english-sketches-grins\images\Sketches\grins\Ring Racer 5 ORIGINAL COLOR.png"	"D:\github\ron-english-sketches-grins\images\Sketches\grins2\Ring Racer 5 ORIGINAL COLOR.png"	"2"	"False"
"40"	"Ring Racer 6 ORIGINAL COLOR.png"	"0.339"	"D:\github\ron-english-sketches-grins\images\Sketches\grins\Ring Racer 6 ORIGINAL COLOR.png"	"D:\github\ron-english-sketches-grins\images\Sketches\grins2\Ring Racer 6 ORIGINAL COLOR.png"	"2"	"False"
"41"	"Ring Racer 7 ORIGINAL COLOR.png"	"0.339"	"D:\github\ron-english-sketches-grins\images\Sketches\grins\Ring Racer 7 ORIGINAL COLOR.png"	"D:\github\ron-english-sketches-grins\images\Sketches\grins2\Ring Racer 7 ORIGINAL COLOR.png"	"2"	"False"
"42"	"Ring Racer 8 ORIGINAL COLOR.png"	"0.325"	"D:\github\ron-english-sketches-grins\images\Sketches\grins\Ring Racer 8 ORIGINAL COLOR.png"	"D:\github\ron-english-sketches-grins\images\Sketches\grins2\Ring Racer 8 ORIGINAL COLOR.png"	"2"	"False"
"43"	"Ring Racer 9 ORIGINAL COLOR.png"	"0.316"	"D:\github\ron-english-sketches-grins\images\Sketches\grins\Ring Racer 9 ORIGINAL COLOR.png"	"D:\github\ron-english-sketches-grins\images\Sketches\grins2\Ring Racer 9 ORIGINAL COLOR.png"	"2"	"False"
"44"	"Ring Racer ORIGINAL COLOR.1.jpg"	"0.226"	"D:\github\ron-english-sketches-grins\images\Sketches\grins\Ring Racer ORIGINAL COLOR.1.jpg"	"D:\github\ron-english-sketches-grins\images\Sketches\grins2\Ring Racer ORIGINAL COLOR.1.jpg"	"2"	"False"
"45"	"Ring Racer ORIGINAL COLOR.jpg"	"0.456"	"D:\github\ron-english-sketches-grins\images\Sketches\grins\Ring Racer ORIGINAL COLOR.jpg"	"D:\github\ron-english-sketches-grins\images\Sketches\grins2\Ring Racer ORIGINAL COLOR.jpg"	"2"	"False"
"46"	"Robbie Spray Grin B&W.jpg"	"0.437"	"D:\github\ron-english-sketches-grins\images\Sketches\grins\Robbie Spray Grin B&W.jpg"	"D:\github\ron-english-sketches-grins\images\Sketches\grins2\Robbie Spray Grin B&W.jpg"	"2"	"False"
"47"	"Robbie Spray Grin COLOR.jpg"	"0.154"	"D:\github\ron-english-sketches-grins\images\Sketches\grins\Robbie Spray Grin COLOR.jpg"	"D:\github\ron-english-sketches-grins\images\Sketches\grins2\Robbie Spray Grin COLOR.jpg"	"3"	"False"
"48"	"Robbie Spray Grin ORIGINAL.jpg"	"0.133"	"D:\github\ron-english-sketches-grins\images\Sketches\grins\Robbie Spray Grin ORIGINAL.jpg"	"D:\github\ron-english-sketches-grins\images\Sketches\grins2\Robbie Spray Grin ORIGINAL.jpg"	"2"	"False"
"49"	"Robbie Spray Grin.jpg"	"0.472"	"D:\github\ron-english-sketches-grins\images\Sketches\grins\Robbie Spray Grin.jpg"	"D:\github\ron-english-sketches-grins\images\Sketches\grins2\Robbie Spray Grin.jpg"	"2"	"False"
"50"	"Robby Robot Grin B&W.jpg"	"0.166"	"D:\github\ron-english-sketches-grins\images\Sketches\grins\Robby Robot Grin B&W.jpg"	"D:\github\ron-english-sketches-grins\images\Sketches\grins2\Robby Robot Grin B&W.jpg"	"2"	"False"
"51"	"Robby Robot Grin COLOR.jpg"	"0.311"	"D:\github\ron-english-sketches-grins\images\Sketches\grins\Robby Robot Grin COLOR.jpg"	"D:\github\ron-english-sketches-grins\images\Sketches\grins2\Robby Robot Grin COLOR.jpg"	"3"	"False"
"52"	"Robby Robot Grin ORIGINAL.jpg"	"0.324"	"D:\github\ron-english-sketches-grins\images\Sketches\grins\Robby Robot Grin ORIGINAL.jpg"	"D:\github\ron-english-sketches-grins\images\Sketches\grins2\Robby Robot Grin ORIGINAL.jpg"	"2"	"False"
"53"	"Ron Fink Grin B&W.jpg"	"0.264"	"D:\github\ron-english-sketches-grins\images\Sketches\grins\Ron Fink Grin B&W.jpg"	"D:\github\ron-english-sketches-grins\images\Sketches\grins2\Ron Fink Grin B&W.jpg"	"2"	"False"
"54"	"Ron Fink Grin COLOR.jpg"	"0.141"	"D:\github\ron-english-sketches-grins\images\Sketches\grins\Ron Fink Grin COLOR.jpg"	"D:\github\ron-english-sketches-grins\images\Sketches\grins2\Ron Fink Grin COLOR.jpg"	"3"	"False"
"55"	"Ron Fink Grin ORIGINAL (2).jpg"	"0.194"	"D:\github\ron-english-sketches-grins\images\Sketches\grins\Ron Fink Grin ORIGINAL (2).jpg"	"D:\github\ron-english-sketches-grins\images\Sketches\grins2\Ron Fink Grin ORIGINAL (2).jpg"	"2"	"False"
"56"	"Ron Fink Grin ORIGINAL.jpg"	"0.107"	"D:\github\ron-english-sketches-grins\images\Sketches\grins\Ron Fink Grin ORIGINAL.jpg"	"D:\github\ron-english-sketches-grins\images\Sketches\grins2\Ron Fink Grin ORIGINAL.jpg"	"2"	"False"
"57"	"Ron Grin Face Icon ORIGINAL COLOR.jpg"	"0.19"	"D:\github\ron-english-sketches-grins\images\Sketches\grins\Ron Grin Face Icon ORIGINAL COLOR.jpg"	"D:\github\ron-english-sketches-grins\images\Sketches\grins2\Ron Grin Face Icon ORIGINAL COLOR.jpg"	"3"	"False"
"58"	"Rosie Jetson Grin B&W.jpg"	"0.468"	"D:\github\ron-english-sketches-grins\images\Sketches\grins\Rosie Jetson Grin B&W.jpg"	"D:\github\ron-english-sketches-grins\images\Sketches\grins2\Rosie Jetson Grin B&W.jpg"	"2"	"False"
"59"	"Rosie Jetson Grin COLOR.jpg"	"0.369"	"D:\github\ron-english-sketches-grins\images\Sketches\grins\Rosie Jetson Grin COLOR.jpg"	"D:\github\ron-english-sketches-grins\images\Sketches\grins2\Rosie Jetson Grin COLOR.jpg"	"3"	"False"
"60"	"Rosie Jetson Grin ORIGINAL.jpg"	"0.283"	"D:\github\ron-english-sketches-grins\images\Sketches\grins\Rosie Jetson Grin ORIGINAL.jpg"	"D:\github\ron-english-sketches-grins\images\Sketches\grins2\Rosie Jetson Grin ORIGINAL.jpg"	"2"	"False"
"61"	"Rugrat Grin B&W.jpg"	"0.3"	"D:\github\ron-english-sketches-grins\images\Sketches\grins\Rugrat Grin B&W.jpg"	"D:\github\ron-english-sketches-grins\images\Sketches\grins2\Rugrat Grin B&W.jpg"	"2"	"False"
"62"	"Rugrat Grin COLOR.jpg"	"0.517"	"D:\github\ron-english-sketches-grins\images\Sketches\grins\Rugrat Grin COLOR.jpg"	"D:\github\ron-english-sketches-grins\images\Sketches\grins2\Rugrat Grin COLOR.jpg"	"3"	"False"
"63"	"Rugrat Grin ORIGINAL.jpg"	"0.344"	"D:\github\ron-english-sketches-grins\images\Sketches\grins\Rugrat Grin ORIGINAL.jpg"	"D:\github\ron-english-sketches-grins\images\Sketches\grins2\Rugrat Grin ORIGINAL.jpg"	"2"	"False"
"64"	"Santa Cruz Hand Grin B&W.jpg"	"0.324"	"D:\github\ron-english-sketches-grins\images\Sketches\grins\Santa Cruz Hand Grin B&W.jpg"	"D:\github\ron-english-sketches-grins\images\Sketches\grins2\Santa Cruz Hand Grin B&W.jpg"	"2"	"False"
"65"	"Santa Cruz Hand Grin COLOR.png"	"0.252"	"D:\github\ron-english-sketches-grins\images\Sketches\grins\Santa Cruz Hand Grin COLOR.png"	"D:\github\ron-english-sketches-grins\images\Sketches\grins2\Santa Cruz Hand Grin COLOR.png"	"3"	"False"
"66"	"Santa Cruz Hand Grin ORIGINAL.jpg"	"0.152"	"D:\github\ron-english-sketches-grins\images\Sketches\grins\Santa Cruz Hand Grin ORIGINAL.jpg"	"D:\github\ron-english-sketches-grins\images\Sketches\grins2\Santa Cruz Hand Grin ORIGINAL.jpg"	"2"	"False"
"67"	"Santa Grin 1 B&W.jpg"	"0.456"	"D:\github\ron-english-sketches-grins\images\Sketches\grins\Santa Grin 1 B&W.jpg"	"D:\github\ron-english-sketches-grins\images\Sketches\grins2\Santa Grin 1 B&W.jpg"	"2"	"False"
"68"	"Santa Grin 1 COLOR.jpg"	"0.191"	"D:\github\ron-english-sketches-grins\images\Sketches\grins\Santa Grin 1 COLOR.jpg"	"D:\github\ron-english-sketches-grins\images\Sketches\grins2\Santa Grin 1 COLOR.jpg"	"3"	"False"
"69"	"Santa Grin 1 ORIGINAL.jpg"	"0.306"	"D:\github\ron-english-sketches-grins\images\Sketches\grins\Santa Grin 1 ORIGINAL.jpg"	"D:\github\ron-english-sketches-grins\images\Sketches\grins2\Santa Grin 1 ORIGINAL.jpg"	"2"	"False"
"70"	"Santa Grin 2 B&W.jpg"	"0.434"	"D:\github\ron-english-sketches-grins\images\Sketches\grins\Santa Grin 2 B&W.jpg"	"D:\github\ron-english-sketches-grins\images\Sketches\grins2\Santa Grin 2 B&W.jpg"	"2"	"False"
"71"	"Santa Grin 2 card.png"	"0.223"	"D:\github\ron-english-sketches-grins\images\Sketches\grins\Santa Grin 2 card.png"	"D:\github\ron-english-sketches-grins\images\Sketches\grins2\Santa Grin 2 card.png"	"2"	"False"
"72"	"Santa Grin 2 COLOR.jpg"	"0.126"	"D:\github\ron-english-sketches-grins\images\Sketches\grins\Santa Grin 2 COLOR.jpg"	"D:\github\ron-english-sketches-grins\images\Sketches\grins2\Santa Grin 2 COLOR.jpg"	"2"	"False"
"73"	"Santa Grin 2 ORIGINAL COLOR.jpg"	"0.07"	"D:\github\ron-english-sketches-grins\images\Sketches\grins\Santa Grin 2 ORIGINAL COLOR.jpg"	"D:\github\ron-english-sketches-grins\images\Sketches\grins2\Santa Grin 2 ORIGINAL COLOR.jpg"	"2"	"False"
"74"	"Santa Grin 3 B&W.jpg"	"0.35"	"D:\github\ron-english-sketches-grins\images\Sketches\grins\Santa Grin 3 B&W.jpg"	"D:\github\ron-english-sketches-grins\images\Sketches\grins2\Santa Grin 3 B&W.jpg"	"2"	"False"
"75"	"Santa Grin 3 COLOR.jpg"	"0.27"	"D:\github\ron-english-sketches-grins\images\Sketches\grins\Santa Grin 3 COLOR.jpg"	"D:\github\ron-english-sketches-grins\images\Sketches\grins2\Santa Grin 3 COLOR.jpg"	"2"	"False"
"76"	"Santa Grin 3 ORIGINAL.jpg"	"0.164"	"D:\github\ron-english-sketches-grins\images\Sketches\grins\Santa Grin 3 ORIGINAL.jpg"	"D:\github\ron-english-sketches-grins\images\Sketches\grins2\Santa Grin 3 ORIGINAL.jpg"	"2"	"False"
"77"	"Scan_20241122 ORIGINAL.jpg"	"0.261"	"D:\github\ron-english-sketches-grins\images\Sketches\grins\Scan_20241122 ORIGINAL.jpg"	"D:\github\ron-english-sketches-grins\images\Sketches\grins2\Scan_20241122 ORIGINAL.jpg"	"0"	"False"
"78"	"Scooby Doo Grin B&W.jpg"	"0.327"	"D:\github\ron-english-sketches-grins\images\Sketches\grins\Scooby Doo Grin B&W.jpg"	"D:\github\ron-english-sketches-grins\images\Sketches\grins2\Scooby Doo Grin B&W.jpg"	"2"	"False"
"79"	"Scooby Doo Grin COLOR.jpg"	"0.291"	"D:\github\ron-english-sketches-grins\images\Sketches\grins\Scooby Doo Grin COLOR.jpg"	"D:\github\ron-english-sketches-grins\images\Sketches\grins2\Scooby Doo Grin COLOR.jpg"	"3"	"False"
"80"	"Scooby Doo Grin ORIGINAL.jpg"	"0.178"	"D:\github\ron-english-sketches-grins\images\Sketches\grins\Scooby Doo Grin ORIGINAL.jpg"	"D:\github\ron-english-sketches-grins\images\Sketches\grins2\Scooby Doo Grin ORIGINAL.jpg"	"2"	"False"
"81"	"Scream Grin B&W.jpg"	"0.332"	"D:\github\ron-english-sketches-grins\images\Sketches\grins\Scream Grin B&W.jpg"	"D:\github\ron-english-sketches-grins\images\Sketches\grins2\Scream Grin B&W.jpg"	"2"	"False"
"82"	"Scream Grin COLOR.jpg"	"0.208"	"D:\github\ron-english-sketches-grins\images\Sketches\grins\Scream Grin COLOR.jpg"	"D:\github\ron-english-sketches-grins\images\Sketches\grins2\Scream Grin COLOR.jpg"	"3"	"False"
"83"	"Scream Grin ORIGINAL.jpg"	"0.211"	"D:\github\ron-english-sketches-grins\images\Sketches\grins\Scream Grin ORIGINAL.jpg"	"D:\github\ron-english-sketches-grins\images\Sketches\grins2\Scream Grin ORIGINAL.jpg"	"2"	"False"
"84"	"seen collab spraycan toy front2 ORIGINAL.jpg"	"0.21"	"D:\github\ron-english-sketches-grins\images\Sketches\grins\seen collab spraycan toy front2 ORIGINAL.jpg"	"D:\github\ron-english-sketches-grins\images\Sketches\grins2\seen collab spraycan toy front2 ORIGINAL.jpg"	"0"	"False"
"85"	"Sever Fairy Landshark Grin (Mickey Fin) B&W.png"	"0.061"	"D:\github\ron-english-sketches-grins\images\Sketches\grins\Sever Fairy Landshark Grin (Mickey Fin) B&W.png"	"D:\github\ron-english-sketches-grins\images\Sketches\grins2\Sever Fairy Landshark Grin (Mickey Fin) B&W.png"	"2"	"False"
"86"	"Sever Fairy Landshark Grin (Mickey Fin) COLOR.jpg"	"0.172"	"D:\github\ron-english-sketches-grins\images\Sketches\grins\Sever Fairy Landshark Grin (Mickey Fin) COLOR.jpg"	"D:\github\ron-english-sketches-grins\images\Sketches\grins2\Sever Fairy Landshark Grin (Mickey Fin) COLOR.jpg"	"3"	"False"
"87"	"Sever Fairy Landshark Grin (Mickey Fin) ORIGINAL.jpg"	"0.165"	"D:\github\ron-english-sketches-grins\images\Sketches\grins\Sever Fairy Landshark Grin (Mickey Fin) ORIGINAL.jpg"	"D:\github\ron-english-sketches-grins\images\Sketches\grins2\Sever Fairy Landshark Grin (Mickey Fin) ORIGINAL.jpg"	"2"	"False"
"88"	"Sever Fairy Landshark Grin Front (Mickey Fin) COLOR.png"	"0.198"	"D:\github\ron-english-sketches-grins\images\Sketches\grins\Sever Fairy Landshark Grin Front (Mickey Fin) COLOR.png"	"D:\github\ron-english-sketches-grins\images\Sketches\grins2\Sever Fairy Landshark Grin Front (Mickey Fin) COLOR.png"	"2"	"False"
"89"	"Sever Fairy Landshark Grin Front (Mickey Fin) ORIGINAL.jpg"	"0.074"	"D:\github\ron-english-sketches-grins\images\Sketches\grins\Sever Fairy Landshark Grin Front (Mickey Fin) ORIGINAL.jpg"	"D:\github\ron-english-sketches-grins\images\Sketches\grins2\Sever Fairy Landshark Grin Front (Mickey Fin) ORIGINAL.jpg"	"2"	"False"
"90"	"Sever Fairy Landshark Grin ORIGINAL COLOR.jpg"	"0.069"	"D:\github\ron-english-sketches-grins\images\Sketches\grins\Sever Fairy Landshark Grin ORIGINAL COLOR.jpg"	"D:\github\ron-english-sketches-grins\images\Sketches\grins2\Sever Fairy Landshark Grin ORIGINAL COLOR.jpg"	"0"	"False"
"91"	"Sever Fairy Landshark Grin three quarters COLOR.jpg"	"0.183"	"D:\github\ron-english-sketches-grins\images\Sketches\grins\Sever Fairy Landshark Grin three quarters COLOR.jpg"	"D:\github\ron-english-sketches-grins\images\Sketches\grins2\Sever Fairy Landshark Grin three quarters COLOR.jpg"	"2"	"False"
"92"	"Sever Fairy Landshark Grin three quarters ORIGINAL.jpg"	"0.212"	"D:\github\ron-english-sketches-grins\images\Sketches\grins\Sever Fairy Landshark Grin three quarters ORIGINAL.jpg"	"D:\github\ron-english-sketches-grins\images\Sketches\grins2\Sever Fairy Landshark Grin three quarters ORIGINAL.jpg"	"2"	"False"
"93"	"Sever Fairy Landshark Grin three quarters png.jpg"	"0.323"	"D:\github\ron-english-sketches-grins\images\Sketches\grins\Sever Fairy Landshark Grin three quarters png.jpg"	"D:\github\ron-english-sketches-grins\images\Sketches\grins2\Sever Fairy Landshark Grin three quarters png.jpg"	"2"	"False"
"94"	"Shark Grin B&W.jpg"	"0.35"	"D:\github\ron-english-sketches-grins\images\Sketches\grins\Shark Grin B&W.jpg"	"D:\github\ron-english-sketches-grins\images\Sketches\grins2\Shark Grin B&W.jpg"	"2"	"False"
"95"	"Shark Grin COLOR.jpg"	"0.05"	"D:\github\ron-english-sketches-grins\images\Sketches\grins\Shark Grin COLOR.jpg"	"D:\github\ron-english-sketches-grins\images\Sketches\grins2\Shark Grin COLOR.jpg"	"2"	"False"
"96"	"Shark Grin Hotrod B&W.jpg"	"0.168"	"D:\github\ron-english-sketches-grins\images\Sketches\grins\Shark Grin Hotrod B&W.jpg"	"D:\github\ron-english-sketches-grins\images\Sketches\grins2\Shark Grin Hotrod B&W.jpg"	"2"	"False"
"97"	"Shark Grin Hotrod COLOR.jpg"	"0.219"	"D:\github\ron-english-sketches-grins\images\Sketches\grins\Shark Grin Hotrod COLOR.jpg"	"D:\github\ron-english-sketches-grins\images\Sketches\grins2\Shark Grin Hotrod COLOR.jpg"	"3"	"False"
"98"	"Shark Grin Hotrod ORIGINAL.jpg"	"0.098"	"D:\github\ron-english-sketches-grins\images\Sketches\grins\Shark Grin Hotrod ORIGINAL.jpg"	"D:\github\ron-english-sketches-grins\images\Sketches\grins2\Shark Grin Hotrod ORIGINAL.jpg"	"2"	"False"
"99"	"Shark Grin ORIGINAL COLOR.jpg"	"0.199"	"D:\github\ron-english-sketches-grins\images\Sketches\grins\Shark Grin ORIGINAL COLOR.jpg"	"D:\github\ron-english-sketches-grins\images\Sketches\grins2\Shark Grin ORIGINAL COLOR.jpg"	"0"	"False"
"100"	"Shark Grin ORIGINAL.jpg"	"0.201"	"D:\github\ron-english-sketches-grins\images\Sketches\grins\Shark Grin ORIGINAL.jpg"	"D:\github\ron-english-sketches-grins\images\Sketches\grins2\Shark Grin ORIGINAL.jpg"	"2"	"False"
"101"	"Shark Man Grin B&W.jpg"	"0.058"	"D:\github\ron-english-sketches-grins\images\Sketches\grins\Shark Man Grin B&W.jpg"	"D:\github\ron-english-sketches-grins\images\Sketches\grins2\Shark Man Grin B&W.jpg"	"2"	"False"
"102"	"Shark Man Grin COLOR.jpg"	"0.269"	"D:\github\ron-english-sketches-grins\images\Sketches\grins\Shark Man Grin COLOR.jpg"	"D:\github\ron-english-sketches-grins\images\Sketches\grins2\Shark Man Grin COLOR.jpg"	"2"	"False"
"103"	"Shark Man Grin ORIGINAL.jpg"	"0.117"	"D:\github\ron-english-sketches-grins\images\Sketches\grins\Shark Man Grin ORIGINAL.jpg"	"D:\github\ron-english-sketches-grins\images\Sketches\grins2\Shark Man Grin ORIGINAL.jpg"	"2"	"False"
"104"	"sharkhead grin front ORIGINAL.jpg"	"0.175"	"D:\github\ron-english-sketches-grins\images\Sketches\grins\sharkhead grin front ORIGINAL.jpg"	"D:\github\ron-english-sketches-grins\images\Sketches\grins2\sharkhead grin front ORIGINAL.jpg"	"0"	"False"
"105"	"sharkhead grin side ORIGINAL.jpg"	"0.129"	"D:\github\ron-english-sketches-grins\images\Sketches\grins\sharkhead grin side ORIGINAL.jpg"	"D:\github\ron-english-sketches-grins\images\Sketches\grins2\sharkhead grin side ORIGINAL.jpg"	"0"	"False"
"106"	"Simpsons Family Grins 1 ORIGINAL.jpg"	"0.095"	"D:\github\ron-english-sketches-grins\images\Sketches\grins\Simpsons Family Grins 1 ORIGINAL.jpg"	"D:\github\ron-english-sketches-grins\images\Sketches\grins2\Simpsons Family Grins 1 ORIGINAL.jpg"	"3"	"False"
"107"	"Simpsons Family Grins 2 ORIGINAL.jpg"	"0.226"	"D:\github\ron-english-sketches-grins\images\Sketches\grins\Simpsons Family Grins 2 ORIGINAL.jpg"	"D:\github\ron-english-sketches-grins\images\Sketches\grins2\Simpsons Family Grins 2 ORIGINAL.jpg"	"2"	"False"
"108"	"Skeleton Grin front B&W.jpg"	"0.471"	"D:\github\ron-english-sketches-grins\images\Sketches\grins\Skeleton Grin front B&W.jpg"	"D:\github\ron-english-sketches-grins\images\Sketches\grins2\Skeleton Grin front B&W.jpg"	"2"	"False"
"109"	"Skeleton Grin front COLOR.jpg"	"0.15"	"D:\github\ron-english-sketches-grins\images\Sketches\grins\Skeleton Grin front COLOR.jpg"	"D:\github\ron-english-sketches-grins\images\Sketches\grins2\Skeleton Grin front COLOR.jpg"	"3"	"False"
"110"	"Skeleton Grin front ORIGINAL.jpg"	"0.095"	"D:\github\ron-english-sketches-grins\images\Sketches\grins\Skeleton Grin front ORIGINAL.jpg"	"D:\github\ron-english-sketches-grins\images\Sketches\grins2\Skeleton Grin front ORIGINAL.jpg"	"2"	"False"
"111"	"Skeleton Grin side B&W.jpg"	"0.397"	"D:\github\ron-english-sketches-grins\images\Sketches\grins\Skeleton Grin side B&W.jpg"	"D:\github\ron-english-sketches-grins\images\Sketches\grins2\Skeleton Grin side B&W.jpg"	"2"	"False"
"112"	"Skeleton Grin side COLOR.jpg"	"0.127"	"D:\github\ron-english-sketches-grins\images\Sketches\grins\Skeleton Grin side COLOR.jpg"	"D:\github\ron-english-sketches-grins\images\Sketches\grins2\Skeleton Grin side COLOR.jpg"	"2"	"False"
"113"	"Skeleton Grin side ORIGINAL.jpg"	"0.064"	"D:\github\ron-english-sketches-grins\images\Sketches\grins\Skeleton Grin side ORIGINAL.jpg"	"D:\github\ron-english-sketches-grins\images\Sketches\grins2\Skeleton Grin side ORIGINAL.jpg"	"2"	"False"
"114"	"Slo Moe Grin Portrait B&W.jpg"	"0.062"	"D:\github\ron-english-sketches-grins\images\Sketches\grins\Slo Moe Grin Portrait B&W.jpg"	"D:\github\ron-english-sketches-grins\images\Sketches\grins2\Slo Moe Grin Portrait B&W.jpg"	"2"	"False"
"115"	"Slo Moe Grin portrait closeup ORIGINAL.jpg"	"0.074"	"D:\github\ron-english-sketches-grins\images\Sketches\grins\Slo Moe Grin portrait closeup ORIGINAL.jpg"	"D:\github\ron-english-sketches-grins\images\Sketches\grins2\Slo Moe Grin portrait closeup ORIGINAL.jpg"	"2"	"False"
"116"	"Slo Moe Grin Portrait COLOR.jpg"	"0.181"	"D:\github\ron-english-sketches-grins\images\Sketches\grins\Slo Moe Grin Portrait COLOR.jpg"	"D:\github\ron-english-sketches-grins\images\Sketches\grins2\Slo Moe Grin Portrait COLOR.jpg"	"3"	"False"
"117"	"Slo Moe Grin portrait ORIGINAL.jpg"	"0.278"	"D:\github\ron-english-sketches-grins\images\Sketches\grins\Slo Moe Grin portrait ORIGINAL.jpg"	"D:\github\ron-english-sketches-grins\images\Sketches\grins2\Slo Moe Grin portrait ORIGINAL.jpg"	"2"	"False"
"118"	"Slow Moe Grin B&W.jpg"	"0.356"	"D:\github\ron-english-sketches-grins\images\Sketches\grins\Slow Moe Grin B&W.jpg"	"D:\github\ron-english-sketches-grins\images\Sketches\grins2\Slow Moe Grin B&W.jpg"	"2"	"False"
"119"	"Slow Moe Grin COLOR.jpg"	"0.127"	"D:\github\ron-english-sketches-grins\images\Sketches\grins\Slow Moe Grin COLOR.jpg"	"D:\github\ron-english-sketches-grins\images\Sketches\grins2\Slow Moe Grin COLOR.jpg"	"2"	"False"
"120"	"Slushsquatch Grin B&W.jpg"	"0.279"	"D:\github\ron-english-sketches-grins\images\Sketches\grins\Slushsquatch Grin B&W.jpg"	"D:\github\ron-english-sketches-grins\images\Sketches\grins2\Slushsquatch Grin B&W.jpg"	"2"	"False"
"121"	"Slushsquatch Grin COLOR.jpg"	"0.393"	"D:\github\ron-english-sketches-grins\images\Sketches\grins\Slushsquatch Grin COLOR.jpg"	"D:\github\ron-english-sketches-grins\images\Sketches\grins2\Slushsquatch Grin COLOR.jpg"	"3"	"False"
"122"	"Slushsquatch Grin ORIGINAL.jpg"	"0.246"	"D:\github\ron-english-sketches-grins\images\Sketches\grins\Slushsquatch Grin ORIGINAL.jpg"	"D:\github\ron-english-sketches-grins\images\Sketches\grins2\Slushsquatch Grin ORIGINAL.jpg"	"2"	"False"
"123"	"Smack, Crack, Pop Grin B&W.jpg"	"0.458"	"D:\github\ron-english-sketches-grins\images\Sketches\grins\Smack, Crack, Pop Grin B&W.jpg"	"D:\github\ron-english-sketches-grins\images\Sketches\grins2\Smack, Crack, Pop Grin B&W.jpg"	"2"	"False"
"124"	"Smack, Crack, Pop Grin COLOR.jpg"	"0.354"	"D:\github\ron-english-sketches-grins\images\Sketches\grins\Smack, Crack, Pop Grin COLOR.jpg"	"D:\github\ron-english-sketches-grins\images\Sketches\grins2\Smack, Crack, Pop Grin COLOR.jpg"	"3"	"False"
"125"	"Smack, Crack, Pop Grin ORIGINAL.jpg"	"0.115"	"D:\github\ron-english-sketches-grins\images\Sketches\grins\Smack, Crack, Pop Grin ORIGINAL.jpg"	"D:\github\ron-english-sketches-grins\images\Sketches\grins2\Smack, Crack, Pop Grin ORIGINAL.jpg"	"2"	"False"
"126"	"Smiley Face Dog Grin Newcastle B&W.jpg"	"0.378"	"D:\github\ron-english-sketches-grins\images\Sketches\grins\Smiley Face Dog Grin Newcastle B&W.jpg"	"D:\github\ron-english-sketches-grins\images\Sketches\grins2\Smiley Face Dog Grin Newcastle B&W.jpg"	"3"	"False"
"127"	"Smiley Face Dog Grin Newcastle ORIGINAL.jpg"	"0.051"	"D:\github\ron-english-sketches-grins\images\Sketches\grins\Smiley Face Dog Grin Newcastle ORIGINAL.jpg"	"D:\github\ron-english-sketches-grins\images\Sketches\grins2\Smiley Face Dog Grin Newcastle ORIGINAL.jpg"	"2"	"False"
"128"	"Smoking Grin B&W.jpg"	"0.381"	"D:\github\ron-english-sketches-grins\images\Sketches\grins\Smoking Grin B&W.jpg"	"D:\github\ron-english-sketches-grins\images\Sketches\grins2\Smoking Grin B&W.jpg"	"2"	"False"
"129"	"Smoking Grin COLOR.jpg"	"0.398"	"D:\github\ron-english-sketches-grins\images\Sketches\grins\Smoking Grin COLOR.jpg"	"D:\github\ron-english-sketches-grins\images\Sketches\grins2\Smoking Grin COLOR.jpg"	"3"	"False"
"130"	"Smoking Grin ORIGINAL COLOR.jpg"	"0.217"	"D:\github\ron-english-sketches-grins\images\Sketches\grins\Smoking Grin ORIGINAL COLOR.jpg"	"D:\github\ron-english-sketches-grins\images\Sketches\grins2\Smoking Grin ORIGINAL COLOR.jpg"	"2"	"False"
"131"	"Smoking Grin ORIGINAL.jpg"	"0.301"	"D:\github\ron-english-sketches-grins\images\Sketches\grins\Smoking Grin ORIGINAL.jpg"	"D:\github\ron-english-sketches-grins\images\Sketches\grins2\Smoking Grin ORIGINAL.jpg"	"2"	"False"
"132"	"Smurf Grin B&W.jpg"	"0.293"	"D:\github\ron-english-sketches-grins\images\Sketches\grins\Smurf Grin B&W.jpg"	"D:\github\ron-english-sketches-grins\images\Sketches\grins2\Smurf Grin B&W.jpg"	"2"	"False"
"133"	"Smurf Grin COLOR.jpg"	"0.493"	"D:\github\ron-english-sketches-grins\images\Sketches\grins\Smurf Grin COLOR.jpg"	"D:\github\ron-english-sketches-grins\images\Sketches\grins2\Smurf Grin COLOR.jpg"	"3"	"False"
"134"	"Smurf Grin ORIGINAL COLOR.jpg"	"0.345"	"D:\github\ron-english-sketches-grins\images\Sketches\grins\Smurf Grin ORIGINAL COLOR.jpg"	"D:\github\ron-english-sketches-grins\images\Sketches\grins2\Smurf Grin ORIGINAL COLOR.jpg"	"2"	"False"
"135"	"Smurf Grin ORIGINAL.jpg"	"0.221"	"D:\github\ron-english-sketches-grins\images\Sketches\grins\Smurf Grin ORIGINAL.jpg"	"D:\github\ron-english-sketches-grins\images\Sketches\grins2\Smurf Grin ORIGINAL.jpg"	"2"	"False"
"136"	"Smurfette Grin B&W.jpg"	"0.422"	"D:\github\ron-english-sketches-grins\images\Sketches\grins\Smurfette Grin B&W.jpg"	"D:\github\ron-english-sketches-grins\images\Sketches\grins2\Smurfette Grin B&W.jpg"	"2"	"False"
"137"	"Smurfette Grin COLOR.jpg"	"0.345"	"D:\github\ron-english-sketches-grins\images\Sketches\grins\Smurfette Grin COLOR.jpg"	"D:\github\ron-english-sketches-grins\images\Sketches\grins2\Smurfette Grin COLOR.jpg"	"3"	"False"
"138"	"Smurfette Grin ORIGINAL COLOR.jpg"	"0.176"	"D:\github\ron-english-sketches-grins\images\Sketches\grins\Smurfette Grin ORIGINAL COLOR.jpg"	"D:\github\ron-english-sketches-grins\images\Sketches\grins2\Smurfette Grin ORIGINAL COLOR.jpg"	"2"	"False"
"139"	"Smurfette Grin ORIGINAL.jpg"	"0.316"	"D:\github\ron-english-sketches-grins\images\Sketches\grins\Smurfette Grin ORIGINAL.jpg"	"D:\github\ron-english-sketches-grins\images\Sketches\grins2\Smurfette Grin ORIGINAL.jpg"	"2"	"False"
"140"	"Snoopy Grin back B&W.jpg"	"0.301"	"D:\github\ron-english-sketches-grins\images\Sketches\grins\Snoopy Grin back B&W.jpg"	"D:\github\ron-english-sketches-grins\images\Sketches\grins2\Snoopy Grin back B&W.jpg"	"2"	"False"
"141"	"Snoopy Grin back COLOR.jpg"	"0.283"	"D:\github\ron-english-sketches-grins\images\Sketches\grins\Snoopy Grin back COLOR.jpg"	"D:\github\ron-english-sketches-grins\images\Sketches\grins2\Snoopy Grin back COLOR.jpg"	"2"	"False"
"142"	"Snoopy Grin back ORIGINAL.jpg"	"0.138"	"D:\github\ron-english-sketches-grins\images\Sketches\grins\Snoopy Grin back ORIGINAL.jpg"	"D:\github\ron-english-sketches-grins\images\Sketches\grins2\Snoopy Grin back ORIGINAL.jpg"	"2"	"False"
"143"	"Snoopy Grin COLOR.jpg"	"0.31"	"D:\github\ron-english-sketches-grins\images\Sketches\grins\Snoopy Grin COLOR.jpg"	"D:\github\ron-english-sketches-grins\images\Sketches\grins2\Snoopy Grin COLOR.jpg"	"2"	"False"
"144"	"Snoopy Grin front B&W.jpg"	"0.428"	"D:\github\ron-english-sketches-grins\images\Sketches\grins\Snoopy Grin front B&W.jpg"	"D:\github\ron-english-sketches-grins\images\Sketches\grins2\Snoopy Grin front B&W.jpg"	"2"	"False"
"145"	"Snoopy Grin front COLOR.jpg"	"0.146"	"D:\github\ron-english-sketches-grins\images\Sketches\grins\Snoopy Grin front COLOR.jpg"	"D:\github\ron-english-sketches-grins\images\Sketches\grins2\Snoopy Grin front COLOR.jpg"	"2"	"False"
"146"	"Snoopy Grin front ORIGINAL.jpg"	"0.159"	"D:\github\ron-english-sketches-grins\images\Sketches\grins\Snoopy Grin front ORIGINAL.jpg"	"D:\github\ron-english-sketches-grins\images\Sketches\grins2\Snoopy Grin front ORIGINAL.jpg"	"2"	"False"
"147"	"Snoopy Grin ORIGINAL COLOR.jpg"	"0.107"	"D:\github\ron-english-sketches-grins\images\Sketches\grins\Snoopy Grin ORIGINAL COLOR.jpg"	"D:\github\ron-english-sketches-grins\images\Sketches\grins2\Snoopy Grin ORIGINAL COLOR.jpg"	"2"	"False"
"148"	"Snoopy Grin ORIGINAL.jpg"	"0.19"	"D:\github\ron-english-sketches-grins\images\Sketches\grins\Snoopy Grin ORIGINAL.jpg"	"D:\github\ron-english-sketches-grins\images\Sketches\grins2\Snoopy Grin ORIGINAL.jpg"	"2"	"False"
"149"	"Snoopy Traditional Grin B&W.jpg"	"0.491"	"D:\github\ron-english-sketches-grins\images\Sketches\grins\Snoopy Traditional Grin B&W.jpg"	"D:\github\ron-english-sketches-grins\images\Sketches\grins2\Snoopy Traditional Grin B&W.jpg"	"2"	"False"
"150"	"Snoopy Traditional Grin COLOR.jpg"	"0.151"	"D:\github\ron-english-sketches-grins\images\Sketches\grins\Snoopy Traditional Grin COLOR.jpg"	"D:\github\ron-english-sketches-grins\images\Sketches\grins2\Snoopy Traditional Grin COLOR.jpg"	"3"	"False"
"151"	"Snoopy Traditional Grin ORIGINAL.jpg"	"0.16"	"D:\github\ron-english-sketches-grins\images\Sketches\grins\Snoopy Traditional Grin ORIGINAL.jpg"	"D:\github\ron-english-sketches-grins\images\Sketches\grins2\Snoopy Traditional Grin ORIGINAL.jpg"	"2"	"False"
"152"	"Soccer Ball Grin ORIGINAL COLOR.jpg"	"0.25"	"D:\github\ron-english-sketches-grins\images\Sketches\grins\Soccer Ball Grin ORIGINAL COLOR.jpg"	"D:\github\ron-english-sketches-grins\images\Sketches\grins2\Soccer Ball Grin ORIGINAL COLOR.jpg"	"2"	"False"
"153"	"Sock Monkey Grin card.jpg"	"0.142"	"D:\github\ron-english-sketches-grins\images\Sketches\grins\Sock Monkey Grin card.jpg"	"D:\github\ron-english-sketches-grins\images\Sketches\grins2\Sock Monkey Grin card.jpg"	"2"	"False"
"154"	"Sock Monkey Grin COLOR.jpg"	"0.332"	"D:\github\ron-english-sketches-grins\images\Sketches\grins\Sock Monkey Grin COLOR.jpg"	"D:\github\ron-english-sketches-grins\images\Sketches\grins2\Sock Monkey Grin COLOR.jpg"	"3"	"False"
"155"	"Sock Monkey Grin ORIGINAL COLOR 2.jpg"	"0.064"	"D:\github\ron-english-sketches-grins\images\Sketches\grins\Sock Monkey Grin ORIGINAL COLOR 2.jpg"	"D:\github\ron-english-sketches-grins\images\Sketches\grins2\Sock Monkey Grin ORIGINAL COLOR 2.jpg"	"2"	"False"
"156"	"Sock Monkey Grin ORIGINAL.jpg"	"0.207"	"D:\github\ron-english-sketches-grins\images\Sketches\grins\Sock Monkey Grin ORIGINAL.jpg"	"D:\github\ron-english-sketches-grins\images\Sketches\grins2\Sock Monkey Grin ORIGINAL.jpg"	"2"	"False"
"157"	"Sonic Grin B&W.jpg"	"0.149"	"D:\github\ron-english-sketches-grins\images\Sketches\grins\Sonic Grin B&W.jpg"	"D:\github\ron-english-sketches-grins\images\Sketches\grins2\Sonic Grin B&W.jpg"	"2"	"False"
"158"	"Sonic Grin COLOR.jpg"	"0.321"	"D:\github\ron-english-sketches-grins\images\Sketches\grins\Sonic Grin COLOR.jpg"	"D:\github\ron-english-sketches-grins\images\Sketches\grins2\Sonic Grin COLOR.jpg"	"3"	"False"
"159"	"Sonic Grin ORIGINAL.jpg"	"0.109"	"D:\github\ron-english-sketches-grins\images\Sketches\grins\Sonic Grin ORIGINAL.jpg"	"D:\github\ron-english-sketches-grins\images\Sketches\grins2\Sonic Grin ORIGINAL.jpg"	"2"	"False"
"160"	"Space Shark Grin front COLOR.jpg"	"0.095"	"D:\github\ron-english-sketches-grins\images\Sketches\grins\Space Shark Grin front COLOR.jpg"	"D:\github\ron-english-sketches-grins\images\Sketches\grins2\Space Shark Grin front COLOR.jpg"	"4"	"False"
"161"	"Space Shark Grin ORIGINAL COLOR.jpg"	"0.088"	"D:\github\ron-english-sketches-grins\images\Sketches\grins\Space Shark Grin ORIGINAL COLOR.jpg"	"D:\github\ron-english-sketches-grins\images\Sketches\grins2\Space Shark Grin ORIGINAL COLOR.jpg"	"1"	"False"
"162"	"Space Shark Grin ORIGINAL.jpg"	"0.082"	"D:\github\ron-english-sketches-grins\images\Sketches\grins\Space Shark Grin ORIGINAL.jpg"	"D:\github\ron-english-sketches-grins\images\Sketches\grins2\Space Shark Grin ORIGINAL.jpg"	"4"	"False"
"163"	"Spaz Grin ORIGINAL COLOR.jpg"	"0.212"	"D:\github\ron-english-sketches-grins\images\Sketches\grins\Spaz Grin ORIGINAL COLOR.jpg"	"D:\github\ron-english-sketches-grins\images\Sketches\grins2\Spaz Grin ORIGINAL COLOR.jpg"	"3"	"False"
"164"	"Spaz Grin ORIGINAL.jpg"	"0.171"	"D:\github\ron-english-sketches-grins\images\Sketches\grins\Spaz Grin ORIGINAL.jpg"	"D:\github\ron-english-sketches-grins\images\Sketches\grins2\Spaz Grin ORIGINAL.jpg"	"2"	"False"
"165"	"Speak More Evil Grin B&W.jpg"	"0.35"	"D:\github\ron-english-sketches-grins\images\Sketches\grins\Speak More Evil Grin B&W.jpg"	"D:\github\ron-english-sketches-grins\images\Sketches\grins2\Speak More Evil Grin B&W.jpg"	"2"	"False"
"166"	"Speak More Evil Grin COLOR.jpg"	"0.194"	"D:\github\ron-english-sketches-grins\images\Sketches\grins\Speak More Evil Grin COLOR.jpg"	"D:\github\ron-english-sketches-grins\images\Sketches\grins2\Speak More Evil Grin COLOR.jpg"	"3"	"False"
"167"	"Speak More Evil Grin ORIGINAL.jpg"	"0.133"	"D:\github\ron-english-sketches-grins\images\Sketches\grins\Speak More Evil Grin ORIGINAL.jpg"	"D:\github\ron-english-sketches-grins\images\Sketches\grins2\Speak More Evil Grin ORIGINAL.jpg"	"2"	"False"
"168"	"Speak More Evil Grin side ORIGINAL.jpg"	"0.117"	"D:\github\ron-english-sketches-grins\images\Sketches\grins\Speak More Evil Grin side ORIGINAL.jpg"	"D:\github\ron-english-sketches-grins\images\Sketches\grins2\Speak More Evil Grin side ORIGINAL.jpg"	"2"	"False"
"169"	"Spitting Grin B&W.jpg"	"0.243"	"D:\github\ron-english-sketches-grins\images\Sketches\grins\Spitting Grin B&W.jpg"	"D:\github\ron-english-sketches-grins\images\Sketches\grins2\Spitting Grin B&W.jpg"	"2"	"False"
"170"	"Spitting Grin COLOR.jpg"	"0.408"	"D:\github\ron-english-sketches-grins\images\Sketches\grins\Spitting Grin COLOR.jpg"	"D:\github\ron-english-sketches-grins\images\Sketches\grins2\Spitting Grin COLOR.jpg"	"3"	"False"
"171"	"Spongebob Grin B&W.jpg"	"0.428"	"D:\github\ron-english-sketches-grins\images\Sketches\grins\Spongebob Grin B&W.jpg"	"D:\github\ron-english-sketches-grins\images\Sketches\grins2\Spongebob Grin B&W.jpg"	"2"	"False"
"172"	"Spongebob Grin COLOR.jpg"	"0.198"	"D:\github\ron-english-sketches-grins\images\Sketches\grins\Spongebob Grin COLOR.jpg"	"D:\github\ron-english-sketches-grins\images\Sketches\grins2\Spongebob Grin COLOR.jpg"	"3"	"False"
"173"	"Spongebob Grin in Waves B&W.jpg"	"0.503"	"D:\github\ron-english-sketches-grins\images\Sketches\grins\Spongebob Grin in Waves B&W.jpg"	"D:\github\ron-english-sketches-grins\images\Sketches\grins2\Spongebob Grin in Waves B&W.jpg"	"2"	"False"
"174"	"Spongebob Grin in Waves COLOR.jpg"	"0.242"	"D:\github\ron-english-sketches-grins\images\Sketches\grins\Spongebob Grin in Waves COLOR.jpg"	"D:\github\ron-english-sketches-grins\images\Sketches\grins2\Spongebob Grin in Waves COLOR.jpg"	"2"	"False"
"175"	"Spongebob Grin in Waves ORIGINAL.jpg"	"0.205"	"D:\github\ron-english-sketches-grins\images\Sketches\grins\Spongebob Grin in Waves ORIGINAL.jpg"	"D:\github\ron-english-sketches-grins\images\Sketches\grins2\Spongebob Grin in Waves ORIGINAL.jpg"	"2"	"False"
"176"	"Spongebob Grin ORIGINAL COLOR.jpg"	"0.078"	"D:\github\ron-english-sketches-grins\images\Sketches\grins\Spongebob Grin ORIGINAL COLOR.jpg"	"D:\github\ron-english-sketches-grins\images\Sketches\grins2\Spongebob Grin ORIGINAL COLOR.jpg"	"2"	"False"
"177"	"Spongebob Grin ORIGINAL.jpg"	"0.459"	"D:\github\ron-english-sketches-grins\images\Sketches\grins\Spongebob Grin ORIGINAL.jpg"	"D:\github\ron-english-sketches-grins\images\Sketches\grins2\Spongebob Grin ORIGINAL.jpg"	"2"	"False"
"178"	"Squirrel Squirt Grin B&W.jpg"	"0.232"	"D:\github\ron-english-sketches-grins\images\Sketches\grins\Squirrel Squirt Grin B&W.jpg"	"D:\github\ron-english-sketches-grins\images\Sketches\grins2\Squirrel Squirt Grin B&W.jpg"	"2"	"False"
"179"	"Squirrel Squirt Grin COLOR.jpg"	"0.181"	"D:\github\ron-english-sketches-grins\images\Sketches\grins\Squirrel Squirt Grin COLOR.jpg"	"D:\github\ron-english-sketches-grins\images\Sketches\grins2\Squirrel Squirt Grin COLOR.jpg"	"3"	"False"
"180"	"squirrel squirt grin head - B&W - trace girl - png.jpg"	"0.269"	"D:\github\ron-english-sketches-grins\images\Sketches\grins\squirrel squirt grin head - B&W - trace girl - png.jpg"	"D:\github\ron-english-sketches-grins\images\Sketches\grins2\squirrel squirt grin head - B&W - trace girl - png.jpg"	"2"	"False"
"181"	"Squirrel Squirt Grin Head COLOR.jpg"	"0.186"	"D:\github\ron-english-sketches-grins\images\Sketches\grins\Squirrel Squirt Grin Head COLOR.jpg"	"D:\github\ron-english-sketches-grins\images\Sketches\grins2\Squirrel Squirt Grin Head COLOR.jpg"	"2"	"False"
"182"	"Squirrel Squirt Grin Head ORIGINAL.jpg"	"0.089"	"D:\github\ron-english-sketches-grins\images\Sketches\grins\Squirrel Squirt Grin Head ORIGINAL.jpg"	"D:\github\ron-english-sketches-grins\images\Sketches\grins2\Squirrel Squirt Grin Head ORIGINAL.jpg"	"2"	"False"
"183"	"Staples Pigeon Grin front B&W.jpg"	"0.412"	"D:\github\ron-english-sketches-grins\images\Sketches\grins\Staples Pigeon Grin front B&W.jpg"	"D:\github\ron-english-sketches-grins\images\Sketches\grins2\Staples Pigeon Grin front B&W.jpg"	"2"	"False"
"184"	"Staples Pigeon Grin front COLOR.jpg"	"0.495"	"D:\github\ron-english-sketches-grins\images\Sketches\grins\Staples Pigeon Grin front COLOR.jpg"	"D:\github\ron-english-sketches-grins\images\Sketches\grins2\Staples Pigeon Grin front COLOR.jpg"	"2"	"False"
"185"	"Staples Pigeon Grin front ORIGINAL.jpg"	"0.076"	"D:\github\ron-english-sketches-grins\images\Sketches\grins\Staples Pigeon Grin front ORIGINAL.jpg"	"D:\github\ron-english-sketches-grins\images\Sketches\grins2\Staples Pigeon Grin front ORIGINAL.jpg"	"2"	"False"
"186"	"Staples Pigeon Grin side B&W.jpg"	"0.446"	"D:\github\ron-english-sketches-grins\images\Sketches\grins\Staples Pigeon Grin side B&W.jpg"	"D:\github\ron-english-sketches-grins\images\Sketches\grins2\Staples Pigeon Grin side B&W.jpg"	"2"	"False"
"187"	"Staples Pigeon Grin side COLOR.jpg"	"0.158"	"D:\github\ron-english-sketches-grins\images\Sketches\grins\Staples Pigeon Grin side COLOR.jpg"	"D:\github\ron-english-sketches-grins\images\Sketches\grins2\Staples Pigeon Grin side COLOR.jpg"	"3"	"False"
"188"	"Staples Pigeon Grin side ORIGINAL.jpg"	"0.079"	"D:\github\ron-english-sketches-grins\images\Sketches\grins\Staples Pigeon Grin side ORIGINAL.jpg"	"D:\github\ron-english-sketches-grins\images\Sketches\grins2\Staples Pigeon Grin side ORIGINAL.jpg"	"2"	"False"
"189"	"Starskull Trooper Grin B&W.jpg"	"0.427"	"D:\github\ron-english-sketches-grins\images\Sketches\grins\Starskull Trooper Grin B&W.jpg"	"D:\github\ron-english-sketches-grins\images\Sketches\grins2\Starskull Trooper Grin B&W.jpg"	"2"	"False"
"190"	"Starskull Trooper Grin COLOR.jpg"	"0.291"	"D:\github\ron-english-sketches-grins\images\Sketches\grins\Starskull Trooper Grin COLOR.jpg"	"D:\github\ron-english-sketches-grins\images\Sketches\grins2\Starskull Trooper Grin COLOR.jpg"	"3"	"False"
"191"	"Starskull Trooper Grin ORIGINAL.jpeg"	"0.268"	"D:\github\ron-english-sketches-grins\images\Sketches\grins\Starskull Trooper Grin ORIGINAL.jpeg"	"D:\github\ron-english-sketches-grins\images\Sketches\grins2\Starskull Trooper Grin ORIGINAL.jpeg"	"2"	"False"
"192"	"Stewie Grin B&W.jpg"	"0.319"	"D:\github\ron-english-sketches-grins\images\Sketches\grins\Stewie Grin B&W.jpg"	"D:\github\ron-english-sketches-grins\images\Sketches\grins2\Stewie Grin B&W.jpg"	"2"	"False"
"193"	"Stewie Grin COLOR.jpg"	"0.38"	"D:\github\ron-english-sketches-grins\images\Sketches\grins\Stewie Grin COLOR.jpg"	"D:\github\ron-english-sketches-grins\images\Sketches\grins2\Stewie Grin COLOR.jpg"	"3"	"False"
"194"	"Stewie Grin ORIGINAL.jpg"	"0.085"	"D:\github\ron-english-sketches-grins\images\Sketches\grins\Stewie Grin ORIGINAL.jpg"	"D:\github\ron-english-sketches-grins\images\Sketches\grins2\Stewie Grin ORIGINAL.jpg"	"2"	"False"
"195"	"Stitch Grin B&W.jpg"	"0.122"	"D:\github\ron-english-sketches-grins\images\Sketches\grins\Stitch Grin B&W.jpg"	"D:\github\ron-english-sketches-grins\images\Sketches\grins2\Stitch Grin B&W.jpg"	"2"	"False"
"196"	"Stitch Grin COLOR.jpg"	"0.434"	"D:\github\ron-english-sketches-grins\images\Sketches\grins\Stitch Grin COLOR.jpg"	"D:\github\ron-english-sketches-grins\images\Sketches\grins2\Stitch Grin COLOR.jpg"	"3"	"False"
"197"	"Stitch Grin ORIGINAL COLOR.jpg"	"0.129"	"D:\github\ron-english-sketches-grins\images\Sketches\grins\Stitch Grin ORIGINAL COLOR.jpg"	"D:\github\ron-english-sketches-grins\images\Sketches\grins2\Stitch Grin ORIGINAL COLOR.jpg"	"2"	"False"
"198"	"Stitch Grin ORIGINAL.jpg"	"0.141"	"D:\github\ron-english-sketches-grins\images\Sketches\grins\Stitch Grin ORIGINAL.jpg"	"D:\github\ron-english-sketches-grins\images\Sketches\grins2\Stitch Grin ORIGINAL.jpg"	"2"	"False"
"199"	"Stormtrooper Grin B&W.jpg"	"0.293"	"D:\github\ron-english-sketches-grins\images\Sketches\grins\Stormtrooper Grin B&W.jpg"	"D:\github\ron-english-sketches-grins\images\Sketches\grins2\Stormtrooper Grin B&W.jpg"	"2"	"False"
"200"	"Stormtrooper Grin COLOR.jpg"	"0.439"	"D:\github\ron-english-sketches-grins\images\Sketches\grins\Stormtrooper Grin COLOR.jpg"	"D:\github\ron-english-sketches-grins\images\Sketches\grins2\Stormtrooper Grin COLOR.jpg"	"3"	"False"
"201"	"Stormtrooper Grin ORIGINAL.jpg"	"0.233"	"D:\github\ron-english-sketches-grins\images\Sketches\grins\Stormtrooper Grin ORIGINAL.jpg"	"D:\github\ron-english-sketches-grins\images\Sketches\grins2\Stormtrooper Grin ORIGINAL.jpg"	"2"	"False"
"202"	"Street Fighter Guile Grin B&W.jpg"	"0.131"	"D:\github\ron-english-sketches-grins\images\Sketches\grins\Street Fighter Guile Grin B&W.jpg"	"D:\github\ron-english-sketches-grins\images\Sketches\grins2\Street Fighter Guile Grin B&W.jpg"	"2"	"False"
"203"	"Street Fighter Guile Grin COLOR.jpg"	"0.382"	"D:\github\ron-english-sketches-grins\images\Sketches\grins\Street Fighter Guile Grin COLOR.jpg"	"D:\github\ron-english-sketches-grins\images\Sketches\grins2\Street Fighter Guile Grin COLOR.jpg"	"3"	"False"
"204"	"Street Fighter Guile Grin ORIGINAL.jpg"	"0.629"	"D:\github\ron-english-sketches-grins\images\Sketches\grins\Street Fighter Guile Grin ORIGINAL.jpg"	"D:\github\ron-english-sketches-grins\images\Sketches\grins2\Street Fighter Guile Grin ORIGINAL.jpg"	"2"	"False"
"205"	"Sugar Clown Grin B&W.jpg"	"0.338"	"D:\github\ron-english-sketches-grins\images\Sketches\grins\Sugar Clown Grin B&W.jpg"	"D:\github\ron-english-sketches-grins\images\Sketches\grins2\Sugar Clown Grin B&W.jpg"	"2"	"False"
"206"	"Sugar Clown Grin back B&W.jpg"	"0.43"	"D:\github\ron-english-sketches-grins\images\Sketches\grins\Sugar Clown Grin back B&W.jpg"	"D:\github\ron-english-sketches-grins\images\Sketches\grins2\Sugar Clown Grin back B&W.jpg"	"2"	"False"
"207"	"Sugar Clown Grin back COLOR.jpg"	"0.299"	"D:\github\ron-english-sketches-grins\images\Sketches\grins\Sugar Clown Grin back COLOR.jpg"	"D:\github\ron-english-sketches-grins\images\Sketches\grins2\Sugar Clown Grin back COLOR.jpg"	"2"	"False"
"208"	"Sugar Clown Grin back ORIGINAL.jpg"	"0.257"	"D:\github\ron-english-sketches-grins\images\Sketches\grins\Sugar Clown Grin back ORIGINAL.jpg"	"D:\github\ron-english-sketches-grins\images\Sketches\grins2\Sugar Clown Grin back ORIGINAL.jpg"	"2"	"False"
"209"	"Sugar Clown Grin COLOR.jpg"	"0.185"	"D:\github\ron-english-sketches-grins\images\Sketches\grins\Sugar Clown Grin COLOR.jpg"	"D:\github\ron-english-sketches-grins\images\Sketches\grins2\Sugar Clown Grin COLOR.jpg"	"3"	"False"
"210"	"Sugar Clown Grin left side COLOR.jpg"	"0.442"	"D:\github\ron-english-sketches-grins\images\Sketches\grins\Sugar Clown Grin left side COLOR.jpg"	"D:\github\ron-english-sketches-grins\images\Sketches\grins2\Sugar Clown Grin left side COLOR.jpg"	"2"	"False"
"211"	"Sugar Clown Grin left side ORIGINAL.jpg"	"0.293"	"D:\github\ron-english-sketches-grins\images\Sketches\grins\Sugar Clown Grin left side ORIGINAL.jpg"	"D:\github\ron-english-sketches-grins\images\Sketches\grins2\Sugar Clown Grin left side ORIGINAL.jpg"	"2"	"False"
"212"	"Sugar Clown Grin ORIGINAL.jpg"	"0.305"	"D:\github\ron-english-sketches-grins\images\Sketches\grins\Sugar Clown Grin ORIGINAL.jpg"	"D:\github\ron-english-sketches-grins\images\Sketches\grins2\Sugar Clown Grin ORIGINAL.jpg"	"2"	"False"
"213"	"Sugar Clown Grin right side B&W.jpg"	"0.266"	"D:\github\ron-english-sketches-grins\images\Sketches\grins\Sugar Clown Grin right side B&W.jpg"	"D:\github\ron-english-sketches-grins\images\Sketches\grins2\Sugar Clown Grin right side B&W.jpg"	"2"	"False"
"214"	"Sugar Clown Grin right side COLOR.jpg"	"0.386"	"D:\github\ron-english-sketches-grins\images\Sketches\grins\Sugar Clown Grin right side COLOR.jpg"	"D:\github\ron-english-sketches-grins\images\Sketches\grins2\Sugar Clown Grin right side COLOR.jpg"	"2"	"False"
"215"	"Sugar Clown Grin right side ORIGINAL.jpg"	"0.282"	"D:\github\ron-english-sketches-grins\images\Sketches\grins\Sugar Clown Grin right side ORIGINAL.jpg"	"D:\github\ron-english-sketches-grins\images\Sketches\grins2\Sugar Clown Grin right side ORIGINAL.jpg"	"2"	"False"
"216"	"Sugar Diabetic Bear Grin B&W.jpg"	"0.433"	"D:\github\ron-english-sketches-grins\images\Sketches\grins\Sugar Diabetic Bear Grin B&W.jpg"	"D:\github\ron-english-sketches-grins\images\Sketches\grins2\Sugar Diabetic Bear Grin B&W.jpg"	"2"	"False"
"217"	"Sugar Diabetic Bear Grin COLOR.jpg"	"0.345"	"D:\github\ron-english-sketches-grins\images\Sketches\grins\Sugar Diabetic Bear Grin COLOR.jpg"	"D:\github\ron-english-sketches-grins\images\Sketches\grins2\Sugar Diabetic Bear Grin COLOR.jpg"	"3"	"False"
"218"	"Sugar Diabetic Bear Grin ORIGINAL.jpg"	"0.294"	"D:\github\ron-english-sketches-grins\images\Sketches\grins\Sugar Diabetic Bear Grin ORIGINAL.jpg"	"D:\github\ron-english-sketches-grins\images\Sketches\grins2\Sugar Diabetic Bear Grin ORIGINAL.jpg"	"2"	"False"
"219"	"Sugar Smack Grin B&W.jpg"	"0.279"	"D:\github\ron-english-sketches-grins\images\Sketches\grins\Sugar Smack Grin B&W.jpg"	"D:\github\ron-english-sketches-grins\images\Sketches\grins2\Sugar Smack Grin B&W.jpg"	"2"	"False"
"220"	"Sugar Smack Grin COLOR.jpg"	"0.297"	"D:\github\ron-english-sketches-grins\images\Sketches\grins\Sugar Smack Grin COLOR.jpg"	"D:\github\ron-english-sketches-grins\images\Sketches\grins2\Sugar Smack Grin COLOR.jpg"	"3"	"False"
"221"	"Sugar Smack Grin ORIGINAL.jpg"	"0.315"	"D:\github\ron-english-sketches-grins\images\Sketches\grins\Sugar Smack Grin ORIGINAL.jpg"	"D:\github\ron-english-sketches-grins\images\Sketches\grins2\Sugar Smack Grin ORIGINAL.jpg"	"2"	"False"
"222"	"Surf Girl Grin B&W.png"	"0.326"	"D:\github\ron-english-sketches-grins\images\Sketches\grins\Surf Girl Grin B&W.png"	"D:\github\ron-english-sketches-grins\images\Sketches\grins2\Surf Girl Grin B&W.png"	"2"	"False"
"223"	"Surf Girl Grin ORIGINAL COLOR 2.jpg"	"0.203"	"D:\github\ron-english-sketches-grins\images\Sketches\grins\Surf Girl Grin ORIGINAL COLOR 2.jpg"	"D:\github\ron-english-sketches-grins\images\Sketches\grins2\Surf Girl Grin ORIGINAL COLOR 2.jpg"	"2"	"False"
"224"	"Surf Girl Grin ORIGINAL COLOR.jpg"	"0.094"	"D:\github\ron-english-sketches-grins\images\Sketches\grins\Surf Girl Grin ORIGINAL COLOR.jpg"	"D:\github\ron-english-sketches-grins\images\Sketches\grins2\Surf Girl Grin ORIGINAL COLOR.jpg"	"3"	"False"
"225"	"Surf Girl Grin ORIGINAL.jpg"	"0.083"	"D:\github\ron-english-sketches-grins\images\Sketches\grins\Surf Girl Grin ORIGINAL.jpg"	"D:\github\ron-english-sketches-grins\images\Sketches\grins2\Surf Girl Grin ORIGINAL.jpg"	"2"	"False"
"226"	"Taz Grin B&W.jpg"	"0.391"	"D:\github\ron-english-sketches-grins\images\Sketches\grins\Taz Grin B&W.jpg"	"D:\github\ron-english-sketches-grins\images\Sketches\grins2\Taz Grin B&W.jpg"	"2"	"False"
"227"	"Taz Grin circle B&W.jpg"	"0.222"	"D:\github\ron-english-sketches-grins\images\Sketches\grins\Taz Grin circle B&W.jpg"	"D:\github\ron-english-sketches-grins\images\Sketches\grins2\Taz Grin circle B&W.jpg"	"2"	"False"
"228"	"Taz Grin circle COLOR.jpg"	"0.316"	"D:\github\ron-english-sketches-grins\images\Sketches\grins\Taz Grin circle COLOR.jpg"	"D:\github\ron-english-sketches-grins\images\Sketches\grins2\Taz Grin circle COLOR.jpg"	"3"	"False"
"229"	"Taz Grin COLOR.jpg"	"0.284"	"D:\github\ron-english-sketches-grins\images\Sketches\grins\Taz Grin COLOR.jpg"	"D:\github\ron-english-sketches-grins\images\Sketches\grins2\Taz Grin COLOR.jpg"	"2"	"False"
"230"	"Taz Grin Flower Face ORIGINAL.jpg"	"0.053"	"D:\github\ron-english-sketches-grins\images\Sketches\grins\Taz Grin Flower Face ORIGINAL.jpg"	"D:\github\ron-english-sketches-grins\images\Sketches\grins2\Taz Grin Flower Face ORIGINAL.jpg"	"2"	"False"
"231"	"Taz Grin Flower Face.jpg"	"0.053"	"D:\github\ron-english-sketches-grins\images\Sketches\grins\Taz Grin Flower Face.jpg"	"D:\github\ron-english-sketches-grins\images\Sketches\grins2\Taz Grin Flower Face.jpg"	"2"	"False"
"232"	"Taz Grin ORIGINAL.jpg"	"0.316"	"D:\github\ron-english-sketches-grins\images\Sketches\grins\Taz Grin ORIGINAL.jpg"	"D:\github\ron-english-sketches-grins\images\Sketches\grins2\Taz Grin ORIGINAL.jpg"	"2"	"False"
"233"	"Techno Kitten Grin B&W.jpg"	"0.246"	"D:\github\ron-english-sketches-grins\images\Sketches\grins\Techno Kitten Grin B&W.jpg"	"D:\github\ron-english-sketches-grins\images\Sketches\grins2\Techno Kitten Grin B&W.jpg"	"2"	"False"
"234"	"Techno Kitten Grin COLOR.jpg"	"0.398"	"D:\github\ron-english-sketches-grins\images\Sketches\grins\Techno Kitten Grin COLOR.jpg"	"D:\github\ron-english-sketches-grins\images\Sketches\grins2\Techno Kitten Grin COLOR.jpg"	"3"	"False"
"235"	"Techno Kitten Grin ORIGINAL.jpg"	"0.318"	"D:\github\ron-english-sketches-grins\images\Sketches\grins\Techno Kitten Grin ORIGINAL.jpg"	"D:\github\ron-english-sketches-grins\images\Sketches\grins2\Techno Kitten Grin ORIGINAL.jpg"	"2"	"False"
"236"	"Teddy Bear Grin COLOR.png"	"0.313"	"D:\github\ron-english-sketches-grins\images\Sketches\grins\Teddy Bear Grin COLOR.png"	"D:\github\ron-english-sketches-grins\images\Sketches\grins2\Teddy Bear Grin COLOR.png"	"2"	"False"
"237"	"Teddy Bear Grin ORIGINAL COLOR.jpg"	"0.098"	"D:\github\ron-english-sketches-grins\images\Sketches\grins\Teddy Bear Grin ORIGINAL COLOR.jpg"	"D:\github\ron-english-sketches-grins\images\Sketches\grins2\Teddy Bear Grin ORIGINAL COLOR.jpg"	"2"	"False"
"238"	"Teddy Bear Grin ORIGINAL.jpg"	"0.178"	"D:\github\ron-english-sketches-grins\images\Sketches\grins\Teddy Bear Grin ORIGINAL.jpg"	"D:\github\ron-english-sketches-grins\images\Sketches\grins2\Teddy Bear Grin ORIGINAL.jpg"	"2"	"False"
"239"	"Teddy Bear Grin Standing B&W.jpg"	"0.498"	"D:\github\ron-english-sketches-grins\images\Sketches\grins\Teddy Bear Grin Standing B&W.jpg"	"D:\github\ron-english-sketches-grins\images\Sketches\grins2\Teddy Bear Grin Standing B&W.jpg"	"4"	"False"
"240"	"Teddy Bear Grin Standing card.png"	"0.208"	"D:\github\ron-english-sketches-grins\images\Sketches\grins\Teddy Bear Grin Standing card.png"	"D:\github\ron-english-sketches-grins\images\Sketches\grins2\Teddy Bear Grin Standing card.png"	"4"	"False"
"241"	"Teddy Bear Grin Standing COLOR.jpg"	"0.414"	"D:\github\ron-english-sketches-grins\images\Sketches\grins\Teddy Bear Grin Standing COLOR.jpg"	"D:\github\ron-english-sketches-grins\images\Sketches\grins2\Teddy Bear Grin Standing COLOR.jpg"	"5"	"False"
"242"	"Teddy Bear Grin Standing ORIGINAL COLOR.jpg"	"0.064"	"D:\github\ron-english-sketches-grins\images\Sketches\grins\Teddy Bear Grin Standing ORIGINAL COLOR.jpg"	"D:\github\ron-english-sketches-grins\images\Sketches\grins2\Teddy Bear Grin Standing ORIGINAL COLOR.jpg"	"4"	"False"
"243"	"Telegrinnie B&W.jpg"	"0.338"	"D:\github\ron-english-sketches-grins\images\Sketches\grins\Telegrinnie B&W.jpg"	"D:\github\ron-english-sketches-grins\images\Sketches\grins2\Telegrinnie B&W.jpg"	"2"	"False"
"244"	"Telegrinnie COLOR.jpg"	"0.188"	"D:\github\ron-english-sketches-grins\images\Sketches\grins\Telegrinnie COLOR.jpg"	"D:\github\ron-english-sketches-grins\images\Sketches\grins2\Telegrinnie COLOR.jpg"	"2"	"False"
"245"	"Telegrinnie ORIGINAL COLOR.jpg"	"0.062"	"D:\github\ron-english-sketches-grins\images\Sketches\grins\Telegrinnie ORIGINAL COLOR.jpg"	"D:\github\ron-english-sketches-grins\images\Sketches\grins2\Telegrinnie ORIGINAL COLOR.jpg"	"2"	"False"
"246"	"Telegrinnie ORIGINAL.jpg"	"0.092"	"D:\github\ron-english-sketches-grins\images\Sketches\grins\Telegrinnie ORIGINAL.jpg"	"D:\github\ron-english-sketches-grins\images\Sketches\grins2\Telegrinnie ORIGINAL.jpg"	"2"	"False"
"247"	"Telegrinnie side B&W.jpg"	"0.087"	"D:\github\ron-english-sketches-grins\images\Sketches\grins\Telegrinnie side B&W.jpg"	"D:\github\ron-english-sketches-grins\images\Sketches\grins2\Telegrinnie side B&W.jpg"	"2"	"False"
"248"	"Telegrinnie side COLOR.jpg"	"0.188"	"D:\github\ron-english-sketches-grins\images\Sketches\grins\Telegrinnie side COLOR.jpg"	"D:\github\ron-english-sketches-grins\images\Sketches\grins2\Telegrinnie side COLOR.jpg"	"2"	"False"
"249"	"Telegrinnie side ORIGINAL.jpg"	"0.426"	"D:\github\ron-english-sketches-grins\images\Sketches\grins\Telegrinnie side ORIGINAL.jpg"	"D:\github\ron-english-sketches-grins\images\Sketches\grins2\Telegrinnie side ORIGINAL.jpg"	"2"	"False"
"250"	"Teletubby Grin Flying B&W.jpg"	"0.373"	"D:\github\ron-english-sketches-grins\images\Sketches\grins\Teletubby Grin Flying B&W.jpg"	"D:\github\ron-english-sketches-grins\images\Sketches\grins2\Teletubby Grin Flying B&W.jpg"	"2"	"False"
"251"	"Teletubby Grin Flying COLOR.jpg"	"0.43"	"D:\github\ron-english-sketches-grins\images\Sketches\grins\Teletubby Grin Flying COLOR.jpg"	"D:\github\ron-english-sketches-grins\images\Sketches\grins2\Teletubby Grin Flying COLOR.jpg"	"3"	"False"
"252"	"Teletubby Grin Flying ORIGINAL.jpg"	"0.252"	"D:\github\ron-english-sketches-grins\images\Sketches\grins\Teletubby Grin Flying ORIGINAL.jpg"	"D:\github\ron-english-sketches-grins\images\Sketches\grins2\Teletubby Grin Flying ORIGINAL.jpg"	"2"	"False"
"253"	"three-eyed monster grin ORIGINAL.jpg"	"0.205"	"D:\github\ron-english-sketches-grins\images\Sketches\grins\three-eyed monster grin ORIGINAL.jpg"	"D:\github\ron-english-sketches-grins\images\Sketches\grins2\three-eyed monster grin ORIGINAL.jpg"	"0"	"False"
"254"	"Tiger Grin 2 ORIGINAL colorway 1.jpg"	"0.187"	"D:\github\ron-english-sketches-grins\images\Sketches\grins\Tiger Grin 2 ORIGINAL colorway 1.jpg"	"D:\github\ron-english-sketches-grins\images\Sketches\grins2\Tiger Grin 2 ORIGINAL colorway 1.jpg"	"3"	"False"
"255"	"Tiger Grin 2 ORIGINAL colorway 2.jpg"	"0.182"	"D:\github\ron-english-sketches-grins\images\Sketches\grins\Tiger Grin 2 ORIGINAL colorway 2.jpg"	"D:\github\ron-english-sketches-grins\images\Sketches\grins2\Tiger Grin 2 ORIGINAL colorway 2.jpg"	"2"	"False"
"256"	"Tiger Grin 2 ORIGINAL.jpg"	"0.307"	"D:\github\ron-english-sketches-grins\images\Sketches\grins\Tiger Grin 2 ORIGINAL.jpg"	"D:\github\ron-english-sketches-grins\images\Sketches\grins2\Tiger Grin 2 ORIGINAL.jpg"	"2"	"False"
"257"	"Tiger Grin ORIGINAL COLOR.jpg"	"0.151"	"D:\github\ron-english-sketches-grins\images\Sketches\grins\Tiger Grin ORIGINAL COLOR.jpg"	"D:\github\ron-english-sketches-grins\images\Sketches\grins2\Tiger Grin ORIGINAL COLOR.jpg"	"2"	"False"
"258"	"Tiger Grin ORIGINAL.jpg"	"0.105"	"D:\github\ron-english-sketches-grins\images\Sketches\grins\Tiger Grin ORIGINAL.jpg"	"D:\github\ron-english-sketches-grins\images\Sketches\grins2\Tiger Grin ORIGINAL.jpg"	"2"	"False"
"259"	"Tiger Sphinx B&W.jpg"	"0.391"	"D:\github\ron-english-sketches-grins\images\Sketches\grins\Tiger Sphinx B&W.jpg"	"D:\github\ron-english-sketches-grins\images\Sketches\grins2\Tiger Sphinx B&W.jpg"	"2"	"False"
"260"	"Tiger Sphinx Grin ORIGINAL COLOR.jpg"	"0.302"	"D:\github\ron-english-sketches-grins\images\Sketches\grins\Tiger Sphinx Grin ORIGINAL COLOR.jpg"	"D:\github\ron-english-sketches-grins\images\Sketches\grins2\Tiger Sphinx Grin ORIGINAL COLOR.jpg"	"3"	"False"
"261"	"Tiger Sphinx Grin ORIGINAL.jpg"	"0.133"	"D:\github\ron-english-sketches-grins\images\Sketches\grins\Tiger Sphinx Grin ORIGINAL.jpg"	"D:\github\ron-english-sketches-grins\images\Sketches\grins2\Tiger Sphinx Grin ORIGINAL.jpg"	"2"	"False"
"262"	"Tiger Sphinx Side B&W.jpg"	"0.197"	"D:\github\ron-english-sketches-grins\images\Sketches\grins\Tiger Sphinx Side B&W.jpg"	"D:\github\ron-english-sketches-grins\images\Sketches\grins2\Tiger Sphinx Side B&W.jpg"	"2"	"False"
"263"	"Tiger Sphinx side COLOR.jpg"	"0.407"	"D:\github\ron-english-sketches-grins\images\Sketches\grins\Tiger Sphinx side COLOR.jpg"	"D:\github\ron-english-sketches-grins\images\Sketches\grins2\Tiger Sphinx side COLOR.jpg"	"2"	"False"
"264"	"Tiger Sphinx Side ORIGINAL.jpg"	"0.073"	"D:\github\ron-english-sketches-grins\images\Sketches\grins\Tiger Sphinx Side ORIGINAL.jpg"	"D:\github\ron-english-sketches-grins\images\Sketches\grins2\Tiger Sphinx Side ORIGINAL.jpg"	"2"	"False"
"265"	"Timid Shark Grin B&W.jpg"	"0.128"	"D:\github\ron-english-sketches-grins\images\Sketches\grins\Timid Shark Grin B&W.jpg"	"D:\github\ron-english-sketches-grins\images\Sketches\grins2\Timid Shark Grin B&W.jpg"	"4"	"False"
"266"	"Timid Shark Grin COLOR.jpg"	"0.476"	"D:\github\ron-english-sketches-grins\images\Sketches\grins\Timid Shark Grin COLOR.jpg"	"D:\github\ron-english-sketches-grins\images\Sketches\grins2\Timid Shark Grin COLOR.jpg"	"5"	"False"
"267"	"Timid Shark Grin ORIGINAL.jpg"	"0.158"	"D:\github\ron-english-sketches-grins\images\Sketches\grins\Timid Shark Grin ORIGINAL.jpg"	"D:\github\ron-english-sketches-grins\images\Sketches\grins2\Timid Shark Grin ORIGINAL.jpg"	"4"	"False"
"268"	"Timmy Turner Grin B&W.jpg"	"0.137"	"D:\github\ron-english-sketches-grins\images\Sketches\grins\Timmy Turner Grin B&W.jpg"	"D:\github\ron-english-sketches-grins\images\Sketches\grins2\Timmy Turner Grin B&W.jpg"	"2"	"False"
"269"	"Timmy Turner Grin COLOR.jpg"	"0.378"	"D:\github\ron-english-sketches-grins\images\Sketches\grins\Timmy Turner Grin COLOR.jpg"	"D:\github\ron-english-sketches-grins\images\Sketches\grins2\Timmy Turner Grin COLOR.jpg"	"3"	"False"
"270"	"Timmy Turner Grin ORIGINAL.jpg"	"0.247"	"D:\github\ron-english-sketches-grins\images\Sketches\grins\Timmy Turner Grin ORIGINAL.jpg"	"D:\github\ron-english-sketches-grins\images\Sketches\grins2\Timmy Turner Grin ORIGINAL.jpg"	"2"	"False"
"271"	"Tmnt Leonardo Grin B&W.jpg"	"0.408"	"D:\github\ron-english-sketches-grins\images\Sketches\grins\Tmnt Leonardo Grin B&W.jpg"	"D:\github\ron-english-sketches-grins\images\Sketches\grins2\Tmnt Leonardo Grin B&W.jpg"	"2"	"False"
"272"	"Tmnt Leonardo Grin COLOR.jpg"	"0.141"	"D:\github\ron-english-sketches-grins\images\Sketches\grins\Tmnt Leonardo Grin COLOR.jpg"	"D:\github\ron-english-sketches-grins\images\Sketches\grins2\Tmnt Leonardo Grin COLOR.jpg"	"3"	"False"
"273"	"Tmnt Leonardo Grin ORIGINAL.jpg"	"0.062"	"D:\github\ron-english-sketches-grins\images\Sketches\grins\Tmnt Leonardo Grin ORIGINAL.jpg"	"D:\github\ron-english-sketches-grins\images\Sketches\grins2\Tmnt Leonardo Grin ORIGINAL.jpg"	"2"	"False"
"274"	"Tmnt Michelangelo Grin B&W.jpg"	"0.153"	"D:\github\ron-english-sketches-grins\images\Sketches\grins\Tmnt Michelangelo Grin B&W.jpg"	"D:\github\ron-english-sketches-grins\images\Sketches\grins2\Tmnt Michelangelo Grin B&W.jpg"	"2"	"False"
"275"	"Tmnt Michelangelo Grin COLOR.jpg"	"0.298"	"D:\github\ron-english-sketches-grins\images\Sketches\grins\Tmnt Michelangelo Grin COLOR.jpg"	"D:\github\ron-english-sketches-grins\images\Sketches\grins2\Tmnt Michelangelo Grin COLOR.jpg"	"3"	"False"
"276"	"Tmnt Michelangelo Grin ORIGINAL.jpg"	"0.05"	"D:\github\ron-english-sketches-grins\images\Sketches\grins\Tmnt Michelangelo Grin ORIGINAL.jpg"	"D:\github\ron-english-sketches-grins\images\Sketches\grins2\Tmnt Michelangelo Grin ORIGINAL.jpg"	"2"	"False"
"277"	"Tmnt Raphael Grin B&W.jpg"	"0.3"	"D:\github\ron-english-sketches-grins\images\Sketches\grins\Tmnt Raphael Grin B&W.jpg"	"D:\github\ron-english-sketches-grins\images\Sketches\grins2\Tmnt Raphael Grin B&W.jpg"	"2"	"False"
"278"	"Tmnt Raphael Grin COLOR.jpg"	"0.142"	"D:\github\ron-english-sketches-grins\images\Sketches\grins\Tmnt Raphael Grin COLOR.jpg"	"D:\github\ron-english-sketches-grins\images\Sketches\grins2\Tmnt Raphael Grin COLOR.jpg"	"3"	"False"
"279"	"Tmnt Raphael Grin ORIGINAL.jpg"	"0.06"	"D:\github\ron-english-sketches-grins\images\Sketches\grins\Tmnt Raphael Grin ORIGINAL.jpg"	"D:\github\ron-english-sketches-grins\images\Sketches\grins2\Tmnt Raphael Grin ORIGINAL.jpg"	"2"	"False"
"280"	"Tom N Jerry Grins ORIGINAL COLOR.jpg"	"0.362"	"D:\github\ron-english-sketches-grins\images\Sketches\grins\Tom N Jerry Grins ORIGINAL COLOR.jpg"	"D:\github\ron-english-sketches-grins\images\Sketches\grins2\Tom N Jerry Grins ORIGINAL COLOR.jpg"	"3"	"False"
"281"	"Tom N Jerry Grins ORIGINAL.jpg"	"0.102"	"D:\github\ron-english-sketches-grins\images\Sketches\grins\Tom N Jerry Grins ORIGINAL.jpg"	"D:\github\ron-english-sketches-grins\images\Sketches\grins2\Tom N Jerry Grins ORIGINAL.jpg"	"2"	"False"
"282"	"Tony Grin ORIGINAL COLOR.jpg"	"0.166"	"D:\github\ron-english-sketches-grins\images\Sketches\grins\Tony Grin ORIGINAL COLOR.jpg"	"D:\github\ron-english-sketches-grins\images\Sketches\grins2\Tony Grin ORIGINAL COLOR.jpg"	"2"	"False"
"283"	"Tony Tiger Grin 1 B&W.jpg"	"0.361"	"D:\github\ron-english-sketches-grins\images\Sketches\grins\Tony Tiger Grin 1 B&W.jpg"	"D:\github\ron-english-sketches-grins\images\Sketches\grins2\Tony Tiger Grin 1 B&W.jpg"	"2"	"False"
"284"	"Tony Tiger Grin 1 COLOR.jpg"	"0.29"	"D:\github\ron-english-sketches-grins\images\Sketches\grins\Tony Tiger Grin 1 COLOR.jpg"	"D:\github\ron-english-sketches-grins\images\Sketches\grins2\Tony Tiger Grin 1 COLOR.jpg"	"3"	"False"
"285"	"Tony Tiger Grin 1 ORIGINAL COLOR.jpg"	"0.222"	"D:\github\ron-english-sketches-grins\images\Sketches\grins\Tony Tiger Grin 1 ORIGINAL COLOR.jpg"	"D:\github\ron-english-sketches-grins\images\Sketches\grins2\Tony Tiger Grin 1 ORIGINAL COLOR.jpg"	"2"	"False"
"286"	"Tony Tiger Grin 1 ORIGINAL.jpg"	"0.286"	"D:\github\ron-english-sketches-grins\images\Sketches\grins\Tony Tiger Grin 1 ORIGINAL.jpg"	"D:\github\ron-english-sketches-grins\images\Sketches\grins2\Tony Tiger Grin 1 ORIGINAL.jpg"	"2"	"False"
"287"	"Tony Tiger Grin 2 B&W.jpg"	"0.436"	"D:\github\ron-english-sketches-grins\images\Sketches\grins\Tony Tiger Grin 2 B&W.jpg"	"D:\github\ron-english-sketches-grins\images\Sketches\grins2\Tony Tiger Grin 2 B&W.jpg"	"2"	"False"
"288"	"Tony Tiger Grin 2 COLOR.jpg"	"0.142"	"D:\github\ron-english-sketches-grins\images\Sketches\grins\Tony Tiger Grin 2 COLOR.jpg"	"D:\github\ron-english-sketches-grins\images\Sketches\grins2\Tony Tiger Grin 2 COLOR.jpg"	"2"	"False"
"289"	"Tony Tiger Grin 2 ORIGINAL.jpg"	"0.29"	"D:\github\ron-english-sketches-grins\images\Sketches\grins\Tony Tiger Grin 2 ORIGINAL.jpg"	"D:\github\ron-english-sketches-grins\images\Sketches\grins2\Tony Tiger Grin 2 ORIGINAL.jpg"	"2"	"False"
"290"	"Topcat Grin B&W.jpg"	"0.322"	"D:\github\ron-english-sketches-grins\images\Sketches\grins\Topcat Grin B&W.jpg"	"D:\github\ron-english-sketches-grins\images\Sketches\grins2\Topcat Grin B&W.jpg"	"2"	"False"
"291"	"Topcat Grin COLOR.jpg"	"0.297"	"D:\github\ron-english-sketches-grins\images\Sketches\grins\Topcat Grin COLOR.jpg"	"D:\github\ron-english-sketches-grins\images\Sketches\grins2\Topcat Grin COLOR.jpg"	"3"	"False"
"292"	"Topcat Grin ORIGINAL.jpg"	"0.256"	"D:\github\ron-english-sketches-grins\images\Sketches\grins\Topcat Grin ORIGINAL.jpg"	"D:\github\ron-english-sketches-grins\images\Sketches\grins2\Topcat Grin ORIGINAL.jpg"	"2"	"False"
"293"	"Trippy Grin B&W.jpg"	"0.226"	"D:\github\ron-english-sketches-grins\images\Sketches\grins\Trippy Grin B&W.jpg"	"D:\github\ron-english-sketches-grins\images\Sketches\grins2\Trippy Grin B&W.jpg"	"2"	"False"
"294"	"Trippy Grin COLOR.jpg"	"0.364"	"D:\github\ron-english-sketches-grins\images\Sketches\grins\Trippy Grin COLOR.jpg"	"D:\github\ron-english-sketches-grins\images\Sketches\grins2\Trippy Grin COLOR.jpg"	"2"	"False"
"295"	"Trippy Grin COLORWAY 1.png"	"0.176"	"D:\github\ron-english-sketches-grins\images\Sketches\grins\Trippy Grin COLORWAY 1.png"	"D:\github\ron-english-sketches-grins\images\Sketches\grins2\Trippy Grin COLORWAY 1.png"	"2"	"False"
"296"	"Trippy Grin COLORWAY 2.png"	"0.223"	"D:\github\ron-english-sketches-grins\images\Sketches\grins\Trippy Grin COLORWAY 2.png"	"D:\github\ron-english-sketches-grins\images\Sketches\grins2\Trippy Grin COLORWAY 2.png"	"2"	"False"
"297"	"Trippy Grin COLORWAY 3.png"	"0.172"	"D:\github\ron-english-sketches-grins\images\Sketches\grins\Trippy Grin COLORWAY 3.png"	"D:\github\ron-english-sketches-grins\images\Sketches\grins2\Trippy Grin COLORWAY 3.png"	"3"	"False"
"298"	"Trippy Grin ORIGINAL.jpg"	"0.226"	"D:\github\ron-english-sketches-grins\images\Sketches\grins\Trippy Grin ORIGINAL.jpg"	"D:\github\ron-english-sketches-grins\images\Sketches\grins2\Trippy Grin ORIGINAL.jpg"	"2"	"False"
"299"	"Tupac Grin B&W.jpg"	"0.445"	"D:\github\ron-english-sketches-grins\images\Sketches\grins\Tupac Grin B&W.jpg"	"D:\github\ron-english-sketches-grins\images\Sketches\grins2\Tupac Grin B&W.jpg"	"2"	"False"
"300"	"Tupac Grin COLOR 1.jpg"	"0.471"	"D:\github\ron-english-sketches-grins\images\Sketches\grins\Tupac Grin COLOR 1.jpg"	"D:\github\ron-english-sketches-grins\images\Sketches\grins2\Tupac Grin COLOR 1.jpg"	"2"	"False"
"301"	"Tupac Grin COLOR 2.jpg"	"0.449"	"D:\github\ron-english-sketches-grins\images\Sketches\grins\Tupac Grin COLOR 2.jpg"	"D:\github\ron-english-sketches-grins\images\Sketches\grins2\Tupac Grin COLOR 2.jpg"	"2"	"False"
"302"	"Tupac Grin COLOR.jpg"	"0.341"	"D:\github\ron-english-sketches-grins\images\Sketches\grins\Tupac Grin COLOR.jpg"	"D:\github\ron-english-sketches-grins\images\Sketches\grins2\Tupac Grin COLOR.jpg"	"3"	"False"
"303"	"Tupac Grin ORIGINAL 1.jpg"	"0.414"	"D:\github\ron-english-sketches-grins\images\Sketches\grins\Tupac Grin ORIGINAL 1.jpg"	"D:\github\ron-english-sketches-grins\images\Sketches\grins2\Tupac Grin ORIGINAL 1.jpg"	"2"	"False"
"304"	"Tweetie Grin ORIGINAL COLOR.jpg"	"0.281"	"D:\github\ron-english-sketches-grins\images\Sketches\grins\Tweetie Grin ORIGINAL COLOR.jpg"	"D:\github\ron-english-sketches-grins\images\Sketches\grins2\Tweetie Grin ORIGINAL COLOR.jpg"	"3"	"False"
"305"	"Tweetie Grin ORIGINAL.jpg"	"0.286"	"D:\github\ron-english-sketches-grins\images\Sketches\grins\Tweetie Grin ORIGINAL.jpg"	"D:\github\ron-english-sketches-grins\images\Sketches\grins2\Tweetie Grin ORIGINAL.jpg"	"2"	"False"
"306"	"Two-Faced Rabbbit Grin back B&W.jpg"	"0.462"	"D:\github\ron-english-sketches-grins\images\Sketches\grins\Two-Faced Rabbbit Grin back B&W.jpg"	"D:\github\ron-english-sketches-grins\images\Sketches\grins2\Two-Faced Rabbbit Grin back B&W.jpg"	"2"	"False"
"307"	"Two-Faced Rabbbit Grin back COLOR.jpg"	"0.385"	"D:\github\ron-english-sketches-grins\images\Sketches\grins\Two-Faced Rabbbit Grin back COLOR.jpg"	"D:\github\ron-english-sketches-grins\images\Sketches\grins2\Two-Faced Rabbbit Grin back COLOR.jpg"	"2"	"False"
"308"	"Two-Faced Rabbbit Grin back ORIGINAL.jpg"	"0.293"	"D:\github\ron-english-sketches-grins\images\Sketches\grins\Two-Faced Rabbbit Grin back ORIGINAL.jpg"	"D:\github\ron-english-sketches-grins\images\Sketches\grins2\Two-Faced Rabbbit Grin back ORIGINAL.jpg"	"2"	"False"
"309"	"Two-Faced Rabbbit Grin face B&W.jpg"	"0.197"	"D:\github\ron-english-sketches-grins\images\Sketches\grins\Two-Faced Rabbbit Grin face B&W.jpg"	"D:\github\ron-english-sketches-grins\images\Sketches\grins2\Two-Faced Rabbbit Grin face B&W.jpg"	"2"	"False"
"310"	"Two-Faced Rabbbit Grin face COLOR.jpg"	"0.191"	"D:\github\ron-english-sketches-grins\images\Sketches\grins\Two-Faced Rabbbit Grin face COLOR.jpg"	"D:\github\ron-english-sketches-grins\images\Sketches\grins2\Two-Faced Rabbbit Grin face COLOR.jpg"	"2"	"False"
"311"	"Two-Faced Rabbbit Grin face ORIGINAL.jpg"	"0.117"	"D:\github\ron-english-sketches-grins\images\Sketches\grins\Two-Faced Rabbbit Grin face ORIGINAL.jpg"	"D:\github\ron-english-sketches-grins\images\Sketches\grins2\Two-Faced Rabbbit Grin face ORIGINAL.jpg"	"2"	"False"
"312"	"Two-Faced Rabbbit Grin front B&W.jpg"	"0.131"	"D:\github\ron-english-sketches-grins\images\Sketches\grins\Two-Faced Rabbbit Grin front B&W.jpg"	"D:\github\ron-english-sketches-grins\images\Sketches\grins2\Two-Faced Rabbbit Grin front B&W.jpg"	"2"	"False"
"313"	"Two-Faced Rabbbit Grin front COLOR.jpg"	"0.149"	"D:\github\ron-english-sketches-grins\images\Sketches\grins\Two-Faced Rabbbit Grin front COLOR.jpg"	"D:\github\ron-english-sketches-grins\images\Sketches\grins2\Two-Faced Rabbbit Grin front COLOR.jpg"	"2"	"False"
"314"	"Two-Faced Rabbbit Grin front ORIGINAL.jpg"	"0.428"	"D:\github\ron-english-sketches-grins\images\Sketches\grins\Two-Faced Rabbbit Grin front ORIGINAL.jpg"	"D:\github\ron-english-sketches-grins\images\Sketches\grins2\Two-Faced Rabbbit Grin front ORIGINAL.jpg"	"2"	"False"
"315"	"Two-Faced Rabbbit Grin front version 2 B&W.jpg"	"0.256"	"D:\github\ron-english-sketches-grins\images\Sketches\grins\Two-Faced Rabbbit Grin front version 2 B&W.jpg"	"D:\github\ron-english-sketches-grins\images\Sketches\grins2\Two-Faced Rabbbit Grin front version 2 B&W.jpg"	"2"	"False"
"316"	"Two-Faced Rabbbit Grin front version 2 COLOR.jpg"	"0.138"	"D:\github\ron-english-sketches-grins\images\Sketches\grins\Two-Faced Rabbbit Grin front version 2 COLOR.jpg"	"D:\github\ron-english-sketches-grins\images\Sketches\grins2\Two-Faced Rabbbit Grin front version 2 COLOR.jpg"	"2"	"False"
"317"	"Two-Faced Rabbbit Grin front version 2 ORIGINAL.jpg"	"0.084"	"D:\github\ron-english-sketches-grins\images\Sketches\grins\Two-Faced Rabbbit Grin front version 2 ORIGINAL.jpg"	"D:\github\ron-english-sketches-grins\images\Sketches\grins2\Two-Faced Rabbbit Grin front version 2 ORIGINAL.jpg"	"2"	"False"
"318"	"Two-Faced Rabbbit grin holding record B&W.jpg"	"0.132"	"D:\github\ron-english-sketches-grins\images\Sketches\grins\Two-Faced Rabbbit grin holding record B&W.jpg"	"D:\github\ron-english-sketches-grins\images\Sketches\grins2\Two-Faced Rabbbit grin holding record B&W.jpg"	"2"	"False"
"319"	"Two-Faced Rabbbit grin holding record COLOR.jpg"	"0.131"	"D:\github\ron-english-sketches-grins\images\Sketches\grins\Two-Faced Rabbbit grin holding record COLOR.jpg"	"D:\github\ron-english-sketches-grins\images\Sketches\grins2\Two-Faced Rabbbit grin holding record COLOR.jpg"	"2"	"False"
"320"	"Two-Faced Rabbbit grin holding record ORIGINAL.jpg"	"0.223"	"D:\github\ron-english-sketches-grins\images\Sketches\grins\Two-Faced Rabbbit grin holding record ORIGINAL.jpg"	"D:\github\ron-english-sketches-grins\images\Sketches\grins2\Two-Faced Rabbbit grin holding record ORIGINAL.jpg"	"2"	"False"
"321"	"Two-Faced Rabbbit Grin side B&W.jpg"	"0.329"	"D:\github\ron-english-sketches-grins\images\Sketches\grins\Two-Faced Rabbbit Grin side B&W.jpg"	"D:\github\ron-english-sketches-grins\images\Sketches\grins2\Two-Faced Rabbbit Grin side B&W.jpg"	"2"	"False"
"322"	"Two-Faced Rabbbit Grin side COLOR.jpg"	"0.294"	"D:\github\ron-english-sketches-grins\images\Sketches\grins\Two-Faced Rabbbit Grin side COLOR.jpg"	"D:\github\ron-english-sketches-grins\images\Sketches\grins2\Two-Faced Rabbbit Grin side COLOR.jpg"	"2"	"False"
"323"	"Two-Faced Rabbbit Grin side ORIGINAL.jpg"	"0.389"	"D:\github\ron-english-sketches-grins\images\Sketches\grins\Two-Faced Rabbbit Grin side ORIGINAL.jpg"	"D:\github\ron-english-sketches-grins\images\Sketches\grins2\Two-Faced Rabbbit Grin side ORIGINAL.jpg"	"2"	"False"
"324"	"Two-Faced Rabbbit Grin three quarters B&W.jpg"	"0.133"	"D:\github\ron-english-sketches-grins\images\Sketches\grins\Two-Faced Rabbbit Grin three quarters B&W.jpg"	"D:\github\ron-english-sketches-grins\images\Sketches\grins2\Two-Faced Rabbbit Grin three quarters B&W.jpg"	"2"	"False"
"325"	"Two-Faced Rabbbit Grin three quarters COLOR.jpg"	"0.385"	"D:\github\ron-english-sketches-grins\images\Sketches\grins\Two-Faced Rabbbit Grin three quarters COLOR.jpg"	"D:\github\ron-english-sketches-grins\images\Sketches\grins2\Two-Faced Rabbbit Grin three quarters COLOR.jpg"	"2"	"False"
"326"	"Two-Faced Rabbbit Grin three quarters ORIGINAL.jpg"	"0.418"	"D:\github\ron-english-sketches-grins\images\Sketches\grins\Two-Faced Rabbbit Grin three quarters ORIGINAL.jpg"	"D:\github\ron-english-sketches-grins\images\Sketches\grins2\Two-Faced Rabbbit Grin three quarters ORIGINAL.jpg"	"2"	"False"
"327"	"Ultraman Grin B&W.jpg"	"0.143"	"D:\github\ron-english-sketches-grins\images\Sketches\grins\Ultraman Grin B&W.jpg"	"D:\github\ron-english-sketches-grins\images\Sketches\grins2\Ultraman Grin B&W.jpg"	"2"	"False"
"328"	"Ultraman Grin COLOR.jpg"	"0.163"	"D:\github\ron-english-sketches-grins\images\Sketches\grins\Ultraman Grin COLOR.jpg"	"D:\github\ron-english-sketches-grins\images\Sketches\grins2\Ultraman Grin COLOR.jpg"	"3"	"False"
"329"	"Ultraman Grin ORIGINAL.jpg"	"0.158"	"D:\github\ron-english-sketches-grins\images\Sketches\grins\Ultraman Grin ORIGINAL.jpg"	"D:\github\ron-english-sketches-grins\images\Sketches\grins2\Ultraman Grin ORIGINAL.jpg"	"2"	"False"
"330"	"Unicorn Grin B&W.jpg"	"0.134"	"D:\github\ron-english-sketches-grins\images\Sketches\grins\Unicorn Grin B&W.jpg"	"D:\github\ron-english-sketches-grins\images\Sketches\grins2\Unicorn Grin B&W.jpg"	"2"	"False"
"331"	"Unicorn Grin COLOR 1.jpg"	"0.298"	"D:\github\ron-english-sketches-grins\images\Sketches\grins\Unicorn Grin COLOR 1.jpg"	"D:\github\ron-english-sketches-grins\images\Sketches\grins2\Unicorn Grin COLOR 1.jpg"	"3"	"False"
"332"	"Unicorn Grin COLOR 2.jpg"	"0.314"	"D:\github\ron-english-sketches-grins\images\Sketches\grins\Unicorn Grin COLOR 2.jpg"	"D:\github\ron-english-sketches-grins\images\Sketches\grins2\Unicorn Grin COLOR 2.jpg"	"2"	"False"
"333"	"Unicorn Grin ORIGINAL.jpg"	"0.147"	"D:\github\ron-english-sketches-grins\images\Sketches\grins\Unicorn Grin ORIGINAL.jpg"	"D:\github\ron-english-sketches-grins\images\Sketches\grins2\Unicorn Grin ORIGINAL.jpg"	"2"	"False"
"334"	"Unicorn Grin skewered  1.png"	"0.179"	"D:\github\ron-english-sketches-grins\images\Sketches\grins\Unicorn Grin skewered  1.png"	"D:\github\ron-english-sketches-grins\images\Sketches\grins2\Unicorn Grin skewered  1.png"	"2"	"False"
"335"	"Unicorn Grin skewered  2.png"	"0.186"	"D:\github\ron-english-sketches-grins\images\Sketches\grins\Unicorn Grin skewered  2.png"	"D:\github\ron-english-sketches-grins\images\Sketches\grins2\Unicorn Grin skewered  2.png"	"2"	"False"
"336"	"Unicorn Grin skewered  3.png"	"0.175"	"D:\github\ron-english-sketches-grins\images\Sketches\grins\Unicorn Grin skewered  3.png"	"D:\github\ron-english-sketches-grins\images\Sketches\grins2\Unicorn Grin skewered  3.png"	"2"	"False"
"337"	"Unicorn Grin skewered  4.png"	"0.183"	"D:\github\ron-english-sketches-grins\images\Sketches\grins\Unicorn Grin skewered  4.png"	"D:\github\ron-english-sketches-grins\images\Sketches\grins2\Unicorn Grin skewered  4.png"	"2"	"False"
"338"	"Unicorn Grin skewered  5.png"	"0.185"	"D:\github\ron-english-sketches-grins\images\Sketches\grins\Unicorn Grin skewered  5.png"	"D:\github\ron-english-sketches-grins\images\Sketches\grins2\Unicorn Grin skewered  5.png"	"2"	"False"
"339"	"Unicorn Grin skewered  6.png"	"0.175"	"D:\github\ron-english-sketches-grins\images\Sketches\grins\Unicorn Grin skewered  6.png"	"D:\github\ron-english-sketches-grins\images\Sketches\grins2\Unicorn Grin skewered  6.png"	"2"	"False"
"340"	"Unicorn Grin skewered  7.png"	"0.191"	"D:\github\ron-english-sketches-grins\images\Sketches\grins\Unicorn Grin skewered  7.png"	"D:\github\ron-english-sketches-grins\images\Sketches\grins2\Unicorn Grin skewered  7.png"	"2"	"False"
"341"	"Unicorn Grin skewered  8.png"	"0.181"	"D:\github\ron-english-sketches-grins\images\Sketches\grins\Unicorn Grin skewered  8.png"	"D:\github\ron-english-sketches-grins\images\Sketches\grins2\Unicorn Grin skewered  8.png"	"2"	"False"
"342"	"Unipig Grin B&W.jpg"	"0.136"	"D:\github\ron-english-sketches-grins\images\Sketches\grins\Unipig Grin B&W.jpg"	"D:\github\ron-english-sketches-grins\images\Sketches\grins2\Unipig Grin B&W.jpg"	"2"	"False"
"343"	"Unipig Grin COLOR.jpg"	"0.288"	"D:\github\ron-english-sketches-grins\images\Sketches\grins\Unipig Grin COLOR.jpg"	"D:\github\ron-english-sketches-grins\images\Sketches\grins2\Unipig Grin COLOR.jpg"	"3"	"False"
"344"	"Unipig Grin ORIGINAL.jpg"	"0.274"	"D:\github\ron-english-sketches-grins\images\Sketches\grins\Unipig Grin ORIGINAL.jpg"	"D:\github\ron-english-sketches-grins\images\Sketches\grins2\Unipig Grin ORIGINAL.jpg"	"2"	"False"
"345"	"Urban Bigfoot Grin front face ORIGINAL.jpg"	"0.215"	"D:\github\ron-english-sketches-grins\images\Sketches\grins\Urban Bigfoot Grin front face ORIGINAL.jpg"	"D:\github\ron-english-sketches-grins\images\Sketches\grins2\Urban Bigfoot Grin front face ORIGINAL.jpg"	"2"	"False"
"346"	"Urban Bigfoot Grin front ORIGINAL.jpg"	"0.133"	"D:\github\ron-english-sketches-grins\images\Sketches\grins\Urban Bigfoot Grin front ORIGINAL.jpg"	"D:\github\ron-english-sketches-grins\images\Sketches\grins2\Urban Bigfoot Grin front ORIGINAL.jpg"	"2"	"False"
"347"	"Urban Bigfoot Grin side head ORIGINAL.jpg"	"0.087"	"D:\github\ron-english-sketches-grins\images\Sketches\grins\Urban Bigfoot Grin side head ORIGINAL.jpg"	"D:\github\ron-english-sketches-grins\images\Sketches\grins2\Urban Bigfoot Grin side head ORIGINAL.jpg"	"3"	"False"
"348"	"Urban Bigfoot Grin side ORIGINAL.jpg"	"0.138"	"D:\github\ron-english-sketches-grins\images\Sketches\grins\Urban Bigfoot Grin side ORIGINAL.jpg"	"D:\github\ron-english-sketches-grins\images\Sketches\grins2\Urban Bigfoot Grin side ORIGINAL.jpg"	"2"	"False"
"349"	"Vampire Grin Front B&W.jpg"	"0.149"	"D:\github\ron-english-sketches-grins\images\Sketches\grins\Vampire Grin Front B&W.jpg"	"D:\github\ron-english-sketches-grins\images\Sketches\grins2\Vampire Grin Front B&W.jpg"	"2"	"False"
"350"	"Vampire Grin Front COLOR.jpg"	"0.331"	"D:\github\ron-english-sketches-grins\images\Sketches\grins\Vampire Grin Front COLOR.jpg"	"D:\github\ron-english-sketches-grins\images\Sketches\grins2\Vampire Grin Front COLOR.jpg"	"3"	"False"
"351"	"Veve ORIGINAL 1.jpg"	"0.251"	"D:\github\ron-english-sketches-grins\images\Sketches\grins\Veve ORIGINAL 1.jpg"	"D:\github\ron-english-sketches-grins\images\Sketches\grins2\Veve ORIGINAL 1.jpg"	"0"	"False"
"352"	"VeVe ORIGINAL 2.jpg"	"0.362"	"D:\github\ron-english-sketches-grins\images\Sketches\grins\VeVe ORIGINAL 2.jpg"	"D:\github\ron-english-sketches-grins\images\Sketches\grins2\VeVe ORIGINAL 2.jpg"	"0"	"False"
"353"	"Wing Grin body COLOR.png"	"0.169"	"D:\github\ron-english-sketches-grins\images\Sketches\grins\Wing Grin body COLOR.png"	"D:\github\ron-english-sketches-grins\images\Sketches\grins2\Wing Grin body COLOR.png"	"3"	"False"
"354"	"Wing Grin body ORIGINAL.jpg"	"0.179"	"D:\github\ron-english-sketches-grins\images\Sketches\grins\Wing Grin body ORIGINAL.jpg"	"D:\github\ron-english-sketches-grins\images\Sketches\grins2\Wing Grin body ORIGINAL.jpg"	"2"	"False"
"355"	"Wing Grin ORIGINAL COLOR.jpg"	"0.147"	"D:\github\ron-english-sketches-grins\images\Sketches\grins\Wing Grin ORIGINAL COLOR.jpg"	"D:\github\ron-english-sketches-grins\images\Sketches\grins2\Wing Grin ORIGINAL COLOR.jpg"	"2"	"False"
"356"	"Wolf Grin B&W.jpg"	"0.14"	"D:\github\ron-english-sketches-grins\images\Sketches\grins\Wolf Grin B&W.jpg"	"D:\github\ron-english-sketches-grins\images\Sketches\grins2\Wolf Grin B&W.jpg"	"2"	"False"
"357"	"Wolf Grin COLOR.jpg"	"0.142"	"D:\github\ron-english-sketches-grins\images\Sketches\grins\Wolf Grin COLOR.jpg"	"D:\github\ron-english-sketches-grins\images\Sketches\grins2\Wolf Grin COLOR.jpg"	"3"	"False"
"358"	"Wolf Grin ORIGINAL COLOR 2.jpg"	"0.192"	"D:\github\ron-english-sketches-grins\images\Sketches\grins\Wolf Grin ORIGINAL COLOR 2.jpg"	"D:\github\ron-english-sketches-grins\images\Sketches\grins2\Wolf Grin ORIGINAL COLOR 2.jpg"	"2"	"False"
"359"	"Wolf Grin ORIGINAL COLOR.jpg"	"0.064"	"D:\github\ron-english-sketches-grins\images\Sketches\grins\Wolf Grin ORIGINAL COLOR.jpg"	"D:\github\ron-english-sketches-grins\images\Sketches\grins2\Wolf Grin ORIGINAL COLOR.jpg"	"2"	"False"
"360"	"Wolf Grin ORIGINAL.jpg"	"0.293"	"D:\github\ron-english-sketches-grins\images\Sketches\grins\Wolf Grin ORIGINAL.jpg"	"D:\github\ron-english-sketches-grins\images\Sketches\grins2\Wolf Grin ORIGINAL.jpg"	"2"	"False"
"361"	"Woodstock Grin B&W.jpg"	"0.181"	"D:\github\ron-english-sketches-grins\images\Sketches\grins\Woodstock Grin B&W.jpg"	"D:\github\ron-english-sketches-grins\images\Sketches\grins2\Woodstock Grin B&W.jpg"	"2"	"False"
"362"	"Woodstock Grin COLOR.jpg"	"0.099"	"D:\github\ron-english-sketches-grins\images\Sketches\grins\Woodstock Grin COLOR.jpg"	"D:\github\ron-english-sketches-grins\images\Sketches\grins2\Woodstock Grin COLOR.jpg"	"2"	"False"
"363"	"Woodstock Grin ORIGINAL COLOR (2).jpg"	"0.287"	"D:\github\ron-english-sketches-grins\images\Sketches\grins\Woodstock Grin ORIGINAL COLOR (2).jpg"	"D:\github\ron-english-sketches-grins\images\Sketches\grins2\Woodstock Grin ORIGINAL COLOR (2).jpg"	"2"	"False"
"364"	"Woodstock Grin ORIGINAL COLOR.jpg"	"0.091"	"D:\github\ron-english-sketches-grins\images\Sketches\grins\Woodstock Grin ORIGINAL COLOR.jpg"	"D:\github\ron-english-sketches-grins\images\Sketches\grins2\Woodstock Grin ORIGINAL COLOR.jpg"	"2"	"False"
"365"	"Woodstock Grin ORIGINAL.jpg"	"0.151"	"D:\github\ron-english-sketches-grins\images\Sketches\grins\Woodstock Grin ORIGINAL.jpg"	"D:\github\ron-english-sketches-grins\images\Sketches\grins2\Woodstock Grin ORIGINAL.jpg"	"2"	"False"
"366"	"Woodstock Grin three quarters B&W.jpg"	"0.088"	"D:\github\ron-english-sketches-grins\images\Sketches\grins\Woodstock Grin three quarters B&W.jpg"	"D:\github\ron-english-sketches-grins\images\Sketches\grins2\Woodstock Grin three quarters B&W.jpg"	"2"	"False"
"367"	"Woodstock Grin three quarters COLOR.jpg"	"0.229"	"D:\github\ron-english-sketches-grins\images\Sketches\grins\Woodstock Grin three quarters COLOR.jpg"	"D:\github\ron-english-sketches-grins\images\Sketches\grins2\Woodstock Grin three quarters COLOR.jpg"	"3"	"False"
"368"	"Woodstock Grin three quarters ORIGINAL.jpg"	"0.145"	"D:\github\ron-english-sketches-grins\images\Sketches\grins\Woodstock Grin three quarters ORIGINAL.jpg"	"D:\github\ron-english-sketches-grins\images\Sketches\grins2\Woodstock Grin three quarters ORIGINAL.jpg"	"2"	"False"
"369"	"Yellow Submarine Grin B&W.jpg"	"0.166"	"D:\github\ron-english-sketches-grins\images\Sketches\grins\Yellow Submarine Grin B&W.jpg"	"D:\github\ron-english-sketches-grins\images\Sketches\grins2\Yellow Submarine Grin B&W.jpg"	"2"	"False"
"370"	"Yellow Submarine Grin COLOR.jpg"	"0.093"	"D:\github\ron-english-sketches-grins\images\Sketches\grins\Yellow Submarine Grin COLOR.jpg"	"D:\github\ron-english-sketches-grins\images\Sketches\grins2\Yellow Submarine Grin COLOR.jpg"	"3"	"False"
"371"	"Yellow Submarine Grin ORIGINAL.jpg"	"0.084"	"D:\github\ron-english-sketches-grins\images\Sketches\grins\Yellow Submarine Grin ORIGINAL.jpg"	"D:\github\ron-english-sketches-grins\images\Sketches\grins2\Yellow Submarine Grin ORIGINAL.jpg"	"2"	"False"
"372"	"Yin Yang Face Grin COLOR.jpg"	"0.383"	"D:\github\ron-english-sketches-grins\images\Sketches\grins\Yin Yang Face Grin COLOR.jpg"	"D:\github\ron-english-sketches-grins\images\Sketches\grins2\Yin Yang Face Grin COLOR.jpg"	"2"	"False"
"373"	"Yin Yang Grin 1 B&W.jpg"	"0.169"	"D:\github\ron-english-sketches-grins\images\Sketches\grins\Yin Yang Grin 1 B&W.jpg"	"D:\github\ron-english-sketches-grins\images\Sketches\grins2\Yin Yang Grin 1 B&W.jpg"	"2"	"False"
"374"	"Yin Yang Grin 1 card.png"	"0.162"	"D:\github\ron-english-sketches-grins\images\Sketches\grins\Yin Yang Grin 1 card.png"	"D:\github\ron-english-sketches-grins\images\Sketches\grins2\Yin Yang Grin 1 card.png"	"2"	"False"
"375"	"Yin Yang Grin 1 COLOR.jpg"	"0.109"	"D:\github\ron-english-sketches-grins\images\Sketches\grins\Yin Yang Grin 1 COLOR.jpg"	"D:\github\ron-english-sketches-grins\images\Sketches\grins2\Yin Yang Grin 1 COLOR.jpg"	"3"	"False"
"376"	"Yin Yang Grin 1 ORIGINAL COLOR.jpg"	"0.061"	"D:\github\ron-english-sketches-grins\images\Sketches\grins\Yin Yang Grin 1 ORIGINAL COLOR.jpg"	"D:\github\ron-english-sketches-grins\images\Sketches\grins2\Yin Yang Grin 1 ORIGINAL COLOR.jpg"	"2"	"False"
"377"	"Yin Yang Grin 2 B&W.jpg"	"0.507"	"D:\github\ron-english-sketches-grins\images\Sketches\grins\Yin Yang Grin 2 B&W.jpg"	"D:\github\ron-english-sketches-grins\images\Sketches\grins2\Yin Yang Grin 2 B&W.jpg"	"2"	"False"
"378"	"Yin Yang Grin 2 COLOR.jpg"	"0.151"	"D:\github\ron-english-sketches-grins\images\Sketches\grins\Yin Yang Grin 2 COLOR.jpg"	"D:\github\ron-english-sketches-grins\images\Sketches\grins2\Yin Yang Grin 2 COLOR.jpg"	"2"	"False"
"379"	"Yin Yang Grin 2 ORIGINAL 2.jpg"	"0.319"	"D:\github\ron-english-sketches-grins\images\Sketches\grins\Yin Yang Grin 2 ORIGINAL 2.jpg"	"D:\github\ron-english-sketches-grins\images\Sketches\grins2\Yin Yang Grin 2 ORIGINAL 2.jpg"	"2"	"False"
"380"	"Yin Yang Grin 2 ORIGINAL COLOR.jpg"	"0.147"	"D:\github\ron-english-sketches-grins\images\Sketches\grins\Yin Yang Grin 2 ORIGINAL COLOR.jpg"	"D:\github\ron-english-sketches-grins\images\Sketches\grins2\Yin Yang Grin 2 ORIGINAL COLOR.jpg"	"2"	"False"
"381"	"Yogi Bear Grin B&W.jpg"	"0.158"	"D:\github\ron-english-sketches-grins\images\Sketches\grins\Yogi Bear Grin B&W.jpg"	"D:\github\ron-english-sketches-grins\images\Sketches\grins2\Yogi Bear Grin B&W.jpg"	"2"	"False"
"382"	"Yogi Bear Grin COLOR.jpg"	"0.152"	"D:\github\ron-english-sketches-grins\images\Sketches\grins\Yogi Bear Grin COLOR.jpg"	"D:\github\ron-english-sketches-grins\images\Sketches\grins2\Yogi Bear Grin COLOR.jpg"	"3"	"False"
"383"	"Yogi Bear Grin ORIGINAL.jpg"	"0.09"	"D:\github\ron-english-sketches-grins\images\Sketches\grins\Yogi Bear Grin ORIGINAL.jpg"	"D:\github\ron-english-sketches-grins\images\Sketches\grins2\Yogi Bear Grin ORIGINAL.jpg"	"2"	"False"
"384"	"Yucky Charmer Grin B&W.jpg"	"0.166"	"D:\github\ron-english-sketches-grins\images\Sketches\grins\Yucky Charmer Grin B&W.jpg"	"D:\github\ron-english-sketches-grins\images\Sketches\grins2\Yucky Charmer Grin B&W.jpg"	"2"	"False"
"385"	"Yucky Charmer Grin COLOR.jpg"	"0.192"	"D:\github\ron-english-sketches-grins\images\Sketches\grins\Yucky Charmer Grin COLOR.jpg"	"D:\github\ron-english-sketches-grins\images\Sketches\grins2\Yucky Charmer Grin COLOR.jpg"	"3"	"False"
"386"	"Yucky Charmer Grin ORIGINAL.jpg"	"0.086"	"D:\github\ron-english-sketches-grins\images\Sketches\grins\Yucky Charmer Grin ORIGINAL.jpg"	"D:\github\ron-english-sketches-grins\images\Sketches\grins2\Yucky Charmer Grin ORIGINAL.jpg"	"2"	"False"
"387"	"Zephyr Zelephant Grin COLOR.png"	"0.214"	"D:\github\ron-english-sketches-grins\images\Sketches\grins\Zephyr Zelephant Grin COLOR.png"	"D:\github\ron-english-sketches-grins\images\Sketches\grins2\Zephyr Zelephant Grin COLOR.png"	"3"	"False"
"388"	"Zephyr Zelephant Grin ORIGINAL.jpg"	"0.162"	"D:\github\ron-english-sketches-grins\images\Sketches\grins\Zephyr Zelephant Grin ORIGINAL.jpg"	"D:\github\ron-english-sketches-grins\images\Sketches\grins2\Zephyr Zelephant Grin ORIGINAL.jpg"	"2"	"False"
"389"	"zipper grin front closed mouth ORIGINAL.jpg"	"0.17"	"D:\github\ron-english-sketches-grins\images\Sketches\grins\zipper grin front closed mouth ORIGINAL.jpg"	"D:\github\ron-english-sketches-grins\images\Sketches\grins2\zipper grin front closed mouth ORIGINAL.jpg"	"0"	"False"
"390"	"zipper grin front closed mouth.jpg"	"1.011"	"D:\github\ron-english-sketches-grins\images\Sketches\grins\zipper grin front closed mouth.jpg"	"D:\github\ron-english-sketches-grins\images\Sketches\grins2\zipper grin front closed mouth.jpg"	"0"	"False"
"391"	"zipper grin front open mouth ORIGINAL.jpg"	"0.201"	"D:\github\ron-english-sketches-grins\images\Sketches\grins\zipper grin front open mouth ORIGINAL.jpg"	"D:\github\ron-english-sketches-grins\images\Sketches\grins2\zipper grin front open mouth ORIGINAL.jpg"	"0"	"False"
"392"	"zipper grin front open mouth.jpg"	"1.005"	"D:\github\ron-english-sketches-grins\images\Sketches\grins\zipper grin front open mouth.jpg"	"D:\github\ron-english-sketches-grins\images\Sketches\grins2\zipper grin front open mouth.jpg"	"0"	"False"
"393"	"zipper grin side closed mouth ORIGINAL.jpg"	"0.086"	"D:\github\ron-english-sketches-grins\images\Sketches\grins\zipper grin side closed mouth ORIGINAL.jpg"	"D:\github\ron-english-sketches-grins\images\Sketches\grins2\zipper grin side closed mouth ORIGINAL.jpg"	"0"	"False"
"394"	"zipper grin side open mouth ORIGINAL.jpg"	"0.101"	"D:\github\ron-english-sketches-grins\images\Sketches\grins\zipper grin side open mouth ORIGINAL.jpg"	"D:\github\ron-english-sketches-grins\images\Sketches\grins2\zipper grin side open mouth ORIGINAL.jpg"	"0"	"False"
