"ImageFile"	"ReferencingFile"	"Count"
"Rabbbit Grin ORIGINAL COLOR.jpg"	"Sketches\grins\rabbbit-grin.html"	"2"
"Rabbbit Grin ORIGINAL.jpg"	"Sketches\grins\rabbbit-grin.html"	"2"
"Rabbbit Grin version 2 back B&W.jpg"	"Sketches\grins\rabbbit-grin.html"	"2"
"Rabbbit Grin version 2 back COLOR.jpg"	"Sketches\grins\rabbbit-grin.html"	"2"
"Rabbbit Grin version 2 back ORIGINAL.jpg"	"Sketches\grins\rabbbit-grin.html"	"2"
"Rabbbit Grin version 2 front B&W.jpg"	"Sketches\grins\rabbbit-grin.html"	"2"
"Rabbbit Grin version 2 front COLOR.jpg"	"Sketches\grins\rabbbit-grin.html"	"2"
"Rabbbit Grin version 2 front ORIGINAL.jpg"	"Sketches\grins\rabbbit-grin.html"	"2"
"Rabbbit Grin version 2 three quarters B&W.jpg"	"Sketches\grins\rabbbit-grin.html"	"2"
"Rabbbit Grin version 2 three quarters COLOR.jpg"	"Sketches\grins\rabbbit-grin.html"	"2"
"Rabbbit Grin version 2 three quarters ORIGINAL.jpg"	"Sketches\grins\rabbbit-grin.html"	"2"
"Rabbbit with Fangs side B&W.jpg"	"Sketches\grins\rabbbit-grin.html"	"2"
"Rabbbit with Fangs side COLOR.jpg"	"Sketches\grins\rabbbit-grin.html"	"2"
"Rabbbit with Fangs side ORIGINAL.jpg"	"Sketches\grins\rabbbit-grin.html"	"2"
"Rabbit Grin 2 B&W.jpg"	"Sketches\grins\rabbit-grin-2.html"	"2"
"Rabbit Grin 2 COLOR.jpg"	"Sketches\grins\rabbit-grin-2.html"	"2"
"Rabbit Grin 2 COLOR.jpg"	"Sketches\grins\index.html"	"1"
"Rabbit Grin 2 ORIGINAL.jpg"	"Sketches\grins\rabbit-grin-2.html"	"2"
"Rabbit Grin B&W.jpg"	"Sketches\grins\rabbit-grin.html"	"2"
"Rabbit Grin COLOR.jpg"	"Sketches\grins\index.html"	"1"
"Rabbit Grin COLOR.jpg"	"Sketches\grins\rabbit-grin.html"	"2"
"Rabbit Grin ORIGINAL.jpg"	"Sketches\grins\rabbit-grin.html"	"2"
"Ramones Grin 1 ORIGINAL.jpg"	"Sketches\grins\index.html"	"1"
"Ramones Grin 1 ORIGINAL.jpg"	"Sketches\grins\ramones-grin.html"	"2"
"Ramones Grin 2 ORIGINAL.jpg"	"Sketches\grins\ramones-grin.html"	"2"
"Ramones Grin 3 ORIGINAL.jpg"	"Sketches\grins\ramones-grin.html"	"2"
"Ramones Grin 4 ORIGINAL.jpg"	"Sketches\grins\ramones-grin.html"	"2"
"Ramones Grin 5 ORIGINAL.jpg"	"Sketches\grins\ramones-grin.html"	"2"
"Richie Grin COLOR.jpg"	"Sketches\grins\richie-grin.html"	"2"
"Richie Grin ORIGINAL COLOR 2.jpg"	"Sketches\grins\richie-grin.html"	"2"
"Richie Grin ORIGINAL COLOR.jpg"	"Sketches\grins\richie-grin.html"	"2"
"Richie Grin ORIGINAL COLOR.jpg"	"Sketches\grins\index.html"	"1"
"Richie Grin ORIGINAL.jpg"	"Sketches\grins\richie-grin.html"	"2"
"Ring Racer 1 ORIGINAL COLOR.png"	"Sketches\grins\grinplanet-nobody.html"	"2"
"Ring Racer 2 ORIGINAL COLOR.png"	"Sketches\grins\grinplanet-nobody.html"	"2"
"Ring Racer 3 ORIGINAL COLOR.jpg"	"Sketches\grins\grinplanet-nobody.html"	"2"
"Ring Racer 4 ORIGINAL COLOR.jpg"	"Sketches\grins\grinplanet-nobody.html"	"2"
"Ring Racer 5 ORIGINAL COLOR.jpg"	"Sketches\grins\grinplanet-nobody.html"	"2"
"Ring Racer 5 ORIGINAL COLOR.png"	"Sketches\grins\grinplanet-nobody.html"	"2"
"Ring Racer 6 ORIGINAL COLOR.png"	"Sketches\grins\grinplanet-nobody.html"	"2"
"Ring Racer 7 ORIGINAL COLOR.png"	"Sketches\grins\grinplanet-nobody.html"	"2"
"Ring Racer 8 ORIGINAL COLOR.png"	"Sketches\grins\grinplanet-nobody.html"	"2"
"Ring Racer 9 ORIGINAL COLOR.png"	"Sketches\grins\grinplanet-nobody.html"	"2"
"Ring Racer ORIGINAL COLOR.1.jpg"	"Sketches\grins\grinplanet-nobody.html"	"2"
"Ring Racer ORIGINAL COLOR.jpg"	"Sketches\grins\grinplanet-nobody.html"	"2"
"Robbie Spray Grin B&W.jpg"	"Sketches\grins\robbie-spray-grin.html"	"2"
"Robbie Spray Grin COLOR.jpg"	"Sketches\grins\index.html"	"1"
"Robbie Spray Grin COLOR.jpg"	"Sketches\grins\robbie-spray-grin.html"	"2"
"Robbie Spray Grin ORIGINAL.jpg"	"Sketches\grins\robbie-spray-grin.html"	"2"
"Robbie Spray Grin.jpg"	"Sketches\grins\robbie-spray-grin.html"	"2"
"Robby Robot Grin B&W.jpg"	"Sketches\grins\robby-robot-grin.html"	"2"
"Robby Robot Grin COLOR.jpg"	"Sketches\grins\robby-robot-grin.html"	"2"
"Robby Robot Grin COLOR.jpg"	"Sketches\grins\index.html"	"1"
"Robby Robot Grin ORIGINAL.jpg"	"Sketches\grins\robby-robot-grin.html"	"2"
"Ron Fink Grin B&W.jpg"	"Sketches\grins\ron-fink-grin.html"	"2"
"Ron Fink Grin COLOR.jpg"	"Sketches\grins\index.html"	"1"
"Ron Fink Grin COLOR.jpg"	"Sketches\grins\ron-fink-grin.html"	"2"
"Ron Fink Grin ORIGINAL (2).jpg"	"Sketches\grins\ron-fink-grin.html"	"2"
"Ron Fink Grin ORIGINAL.jpg"	"Sketches\grins\ron-fink-grin.html"	"2"
"Ron Grin Face Icon ORIGINAL COLOR.jpg"	"Sketches\grins\ron-grin-face-icon.html"	"2"
"Ron Grin Face Icon ORIGINAL COLOR.jpg"	"Sketches\grins\index.html"	"1"
"Rosie Jetson Grin B&W.jpg"	"Sketches\grins\rosie-jetson-grin.html"	"2"
"Rosie Jetson Grin COLOR.jpg"	"Sketches\grins\rosie-jetson-grin.html"	"2"
"Rosie Jetson Grin COLOR.jpg"	"Sketches\grins\index.html"	"1"
"Rosie Jetson Grin ORIGINAL.jpg"	"Sketches\grins\rosie-jetson-grin.html"	"2"
"Rugrat Grin B&W.jpg"	"Sketches\grins\rugrat-grin.html"	"2"
"Rugrat Grin COLOR.jpg"	"Sketches\grins\index.html"	"1"
"Rugrat Grin COLOR.jpg"	"Sketches\grins\rugrat-grin.html"	"2"
"Rugrat Grin ORIGINAL.jpg"	"Sketches\grins\rugrat-grin.html"	"2"
"Santa Cruz Hand Grin B&W.jpg"	"Sketches\grins\santa-cruz-hand-grin.html"	"2"
"Santa Cruz Hand Grin COLOR.png"	"Sketches\grins\santa-cruz-hand-grin.html"	"2"
"Santa Cruz Hand Grin COLOR.png"	"Sketches\grins\index.html"	"1"
"Santa Cruz Hand Grin ORIGINAL.jpg"	"Sketches\grins\santa-cruz-hand-grin.html"	"2"
"Santa Grin 1 B&W.jpg"	"Sketches\grins\santa-grin.html"	"2"
"Santa Grin 1 COLOR.jpg"	"Sketches\grins\index.html"	"1"
"Santa Grin 1 COLOR.jpg"	"Sketches\grins\santa-grin.html"	"2"
"Santa Grin 1 ORIGINAL.jpg"	"Sketches\grins\santa-grin.html"	"2"
"Santa Grin 2 B&W.jpg"	"Sketches\grins\santa-grin.html"	"2"
"Santa Grin 2 card.png"	"Sketches\grins\santa-grin.html"	"2"
"Santa Grin 2 COLOR.jpg"	"Sketches\grins\santa-grin.html"	"2"
"Santa Grin 2 ORIGINAL COLOR.jpg"	"Sketches\grins\santa-grin.html"	"2"
"Santa Grin 3 B&W.jpg"	"Sketches\grins\santa-grin.html"	"2"
"Santa Grin 3 COLOR.jpg"	"Sketches\grins\santa-grin.html"	"2"
"Santa Grin 3 ORIGINAL.jpg"	"Sketches\grins\santa-grin.html"	"2"
"Scooby Doo Grin B&W.jpg"	"Sketches\grins\scooby-doo-grin.html"	"2"
"Scooby Doo Grin COLOR.jpg"	"Sketches\grins\scooby-doo-grin.html"	"2"
"Scooby Doo Grin COLOR.jpg"	"Sketches\grins\index.html"	"1"
"Scooby Doo Grin ORIGINAL.jpg"	"Sketches\grins\scooby-doo-grin.html"	"2"
"Scream Grin B&W.jpg"	"Sketches\grins\scream-grin.html"	"2"
"Scream Grin COLOR.jpg"	"Sketches\grins\index.html"	"1"
"Scream Grin COLOR.jpg"	"Sketches\grins\scream-grin.html"	"2"
"Scream Grin ORIGINAL.jpg"	"Sketches\grins\scream-grin.html"	"2"
"Sever Fairy Landshark Grin (Mickey Fin) B&W.png"	"Sketches\grins\sever-fairy-landshark-grin-mickey-fin.html"	"2"
"Sever Fairy Landshark Grin (Mickey Fin) COLOR.jpg"	"Sketches\grins\index.html"	"1"
"Sever Fairy Landshark Grin (Mickey Fin) COLOR.jpg"	"Sketches\grins\sever-fairy-landshark-grin-mickey-fin.html"	"2"
"Sever Fairy Landshark Grin (Mickey Fin) ORIGINAL.jpg"	"Sketches\grins\sever-fairy-landshark-grin-mickey-fin.html"	"2"
"Sever Fairy Landshark Grin Front (Mickey Fin) COLOR.png"	"Sketches\grins\sever-fairy-landshark-grin-mickey-fin.html"	"2"
"Sever Fairy Landshark Grin Front (Mickey Fin) ORIGINAL.jpg"	"Sketches\grins\sever-fairy-landshark-grin-mickey-fin.html"	"2"
"Sever Fairy Landshark Grin three quarters COLOR.jpg"	"Sketches\grins\sever-fairy-landshark-grin-mickey-fin.html"	"2"
"Sever Fairy Landshark Grin three quarters ORIGINAL.jpg"	"Sketches\grins\sever-fairy-landshark-grin-mickey-fin.html"	"2"
"Sever Fairy Landshark Grin three quarters png.jpg"	"Sketches\grins\sever-fairy-landshark-grin-mickey-fin.html"	"2"
"Shark Grin B&W.jpg"	"Sketches\grins\sever-fairy-landshark-grin-mickey-fin.html"	"2"
"Shark Grin COLOR.jpg"	"Sketches\grins\sever-fairy-landshark-grin-mickey-fin.html"	"2"
"Shark Grin Hotrod B&W.jpg"	"Sketches\grins\shark-grin-hotrod.html"	"2"
"Shark Grin Hotrod COLOR.jpg"	"Sketches\grins\index.html"	"1"
"Shark Grin Hotrod COLOR.jpg"	"Sketches\grins\shark-grin-hotrod.html"	"2"
"Shark Grin Hotrod ORIGINAL.jpg"	"Sketches\grins\shark-grin-hotrod.html"	"2"
"Shark Grin ORIGINAL.jpg"	"Sketches\grins\sever-fairy-landshark-grin-mickey-fin.html"	"2"
"Shark Man Grin B&W.jpg"	"Sketches\grins\man-shark.html"	"2"
"Shark Man Grin COLOR.jpg"	"Sketches\grins\man-shark.html"	"2"
"Shark Man Grin ORIGINAL.jpg"	"Sketches\grins\man-shark.html"	"2"
"Simpsons Family Grins 1 ORIGINAL.jpg"	"Sketches\grins\index.html"	"1"
"Simpsons Family Grins 1 ORIGINAL.jpg"	"Sketches\grins\simpsons-family.html"	"2"
"Simpsons Family Grins 2 ORIGINAL.jpg"	"Sketches\grins\simpsons-family.html"	"2"
"Skeleton Grin front B&W.jpg"	"Sketches\grins\skeleton-grin.html"	"2"
"Skeleton Grin front COLOR.jpg"	"Sketches\grins\skeleton-grin.html"	"2"
"Skeleton Grin front COLOR.jpg"	"Sketches\grins\index.html"	"1"
"Skeleton Grin front ORIGINAL.jpg"	"Sketches\grins\skeleton-grin.html"	"2"
"Skeleton Grin side B&W.jpg"	"Sketches\grins\skeleton-grin.html"	"2"
"Skeleton Grin side COLOR.jpg"	"Sketches\grins\skeleton-grin.html"	"2"
"Skeleton Grin side ORIGINAL.jpg"	"Sketches\grins\skeleton-grin.html"	"2"
"Slo Moe Grin Portrait B&W.jpg"	"Sketches\grins\slo-moe-grin.html"	"2"
"Slo Moe Grin portrait closeup ORIGINAL.jpg"	"Sketches\grins\slo-moe-grin.html"	"2"
"Slo Moe Grin Portrait COLOR.jpg"	"Sketches\grins\index.html"	"1"
"Slo Moe Grin Portrait COLOR.jpg"	"Sketches\grins\slo-moe-grin.html"	"2"
"Slo Moe Grin portrait ORIGINAL.jpg"	"Sketches\grins\slo-moe-grin.html"	"2"
"Slow Moe Grin B&W.jpg"	"Sketches\grins\slo-moe-grin.html"	"2"
"Slow Moe Grin COLOR.jpg"	"Sketches\grins\slo-moe-grin.html"	"2"
"Slushsquatch Grin B&W.jpg"	"Sketches\grins\slushsquatch-grin.html"	"2"
"Slushsquatch Grin COLOR.jpg"	"Sketches\grins\slushsquatch-grin.html"	"2"
"Slushsquatch Grin COLOR.jpg"	"Sketches\grins\index.html"	"1"
"Slushsquatch Grin ORIGINAL.jpg"	"Sketches\grins\slushsquatch-grin.html"	"2"
"Smack, Crack, Pop Grin B&W.jpg"	"Sketches\grins\smack-crack-pop-grin.html"	"2"
"Smack, Crack, Pop Grin COLOR.jpg"	"Sketches\grins\index.html"	"1"
"Smack, Crack, Pop Grin COLOR.jpg"	"Sketches\grins\smack-crack-pop-grin.html"	"2"
"Smack, Crack, Pop Grin ORIGINAL.jpg"	"Sketches\grins\smack-crack-pop-grin.html"	"2"
"Smiley Face Dog Grin Newcastle B&W.jpg"	"Sketches\grins\smiley-face-dog-grin-newcastle.html"	"2"
"Smiley Face Dog Grin Newcastle B&W.jpg"	"Sketches\grins\index.html"	"1"
"Smiley Face Dog Grin Newcastle ORIGINAL.jpg"	"Sketches\grins\smiley-face-dog-grin-newcastle.html"	"2"
"Smoking Grin B&W.jpg"	"Sketches\grins\smoking-grin.html"	"2"
"Smoking Grin COLOR.jpg"	"Sketches\grins\index.html"	"1"
"Smoking Grin COLOR.jpg"	"Sketches\grins\smoking-grin.html"	"2"
"Smoking Grin ORIGINAL COLOR.jpg"	"Sketches\grins\smoking-grin.html"	"2"
"Smoking Grin ORIGINAL.jpg"	"Sketches\grins\smoking-grin.html"	"2"
"Smurf Grin B&W.jpg"	"Sketches\grins\smurf-grin.html"	"2"
"Smurf Grin COLOR.jpg"	"Sketches\grins\index.html"	"1"
"Smurf Grin COLOR.jpg"	"Sketches\grins\smurf-grin.html"	"2"
"Smurf Grin ORIGINAL COLOR.jpg"	"Sketches\grins\smurf-grin.html"	"2"
"Smurf Grin ORIGINAL.jpg"	"Sketches\grins\smurf-grin.html"	"2"
"Smurfette Grin B&W.jpg"	"Sketches\grins\smurfette-grin.html"	"2"
"Smurfette Grin COLOR.jpg"	"Sketches\grins\smurfette-grin.html"	"2"
"Smurfette Grin COLOR.jpg"	"Sketches\grins\index.html"	"1"
"Smurfette Grin ORIGINAL COLOR.jpg"	"Sketches\grins\smurfette-grin.html"	"2"
"Smurfette Grin ORIGINAL.jpg"	"Sketches\grins\smurfette-grin.html"	"2"
"Snoopy Grin back B&W.jpg"	"Sketches\grins\snoopy-grin.html"	"2"
"Snoopy Grin back COLOR.jpg"	"Sketches\grins\snoopy-grin.html"	"2"
"Snoopy Grin back ORIGINAL.jpg"	"Sketches\grins\snoopy-grin.html"	"2"
"Snoopy Grin COLOR.jpg"	"Sketches\grins\snoopy-grin.html"	"2"
"Snoopy Grin front B&W.jpg"	"Sketches\grins\snoopy-grin.html"	"2"
"Snoopy Grin front COLOR.jpg"	"Sketches\grins\snoopy-grin.html"	"2"
"Snoopy Grin front ORIGINAL.jpg"	"Sketches\grins\snoopy-grin.html"	"2"
"Snoopy Grin ORIGINAL COLOR.jpg"	"Sketches\grins\snoopy-grin.html"	"2"
"Snoopy Grin ORIGINAL.jpg"	"Sketches\grins\snoopy-grin.html"	"2"
"Snoopy Traditional Grin B&W.jpg"	"Sketches\grins\snoopy-grin.html"	"2"
"Snoopy Traditional Grin COLOR.jpg"	"Sketches\grins\snoopy-grin.html"	"2"
"Snoopy Traditional Grin COLOR.jpg"	"Sketches\grins\index.html"	"1"
"Snoopy Traditional Grin ORIGINAL.jpg"	"Sketches\grins\snoopy-grin.html"	"2"
"Soccer Ball Grin ORIGINAL COLOR.jpg"	"Sketches\grins\grin.html"	"2"
"Sock Monkey Grin card.jpg"	"Sketches\grins\sock-monkey-grin.html"	"2"
"Sock Monkey Grin COLOR.jpg"	"Sketches\grins\index.html"	"1"
"Sock Monkey Grin COLOR.jpg"	"Sketches\grins\sock-monkey-grin.html"	"2"
"Sock Monkey Grin ORIGINAL COLOR 2.jpg"	"Sketches\grins\sock-monkey-grin.html"	"2"
"Sock Monkey Grin ORIGINAL.jpg"	"Sketches\grins\sock-monkey-grin.html"	"2"
"Sonic Grin B&W.jpg"	"Sketches\grins\sonic-grin.html"	"2"
"Sonic Grin COLOR.jpg"	"Sketches\grins\sonic-grin.html"	"2"
"Sonic Grin COLOR.jpg"	"Sketches\grins\index.html"	"1"
"Sonic Grin ORIGINAL.jpg"	"Sketches\grins\sonic-grin.html"	"2"
"Space Shark Grin front COLOR.jpg"	"Sketches\grins\space-shark-grin.html"	"2"
"Space Shark Grin front COLOR.jpg"	"Sketches\grins\sever-fairy-landshark-grin-mickey-fin.html"	"2"
"Space Shark Grin ORIGINAL COLOR.jpg"	"Sketches\grins\index.html"	"1"
"Space Shark Grin ORIGINAL.jpg"	"Sketches\grins\space-shark-grin.html"	"2"
"Space Shark Grin ORIGINAL.jpg"	"Sketches\grins\sever-fairy-landshark-grin-mickey-fin.html"	"2"
"Spaz Grin ORIGINAL COLOR.jpg"	"Sketches\grins\spaz-grin.html"	"2"
"Spaz Grin ORIGINAL COLOR.jpg"	"Sketches\grins\index.html"	"1"
"Spaz Grin ORIGINAL.jpg"	"Sketches\grins\spaz-grin.html"	"2"
"Speak More Evil Grin B&W.jpg"	"Sketches\grins\speak-more-evil-grin.html"	"2"
"Speak More Evil Grin COLOR.jpg"	"Sketches\grins\speak-more-evil-grin.html"	"2"
"Speak More Evil Grin COLOR.jpg"	"Sketches\grins\index.html"	"1"
"Speak More Evil Grin ORIGINAL.jpg"	"Sketches\grins\speak-more-evil-grin.html"	"2"
"Speak More Evil Grin side ORIGINAL.jpg"	"Sketches\grins\speak-more-evil-grin.html"	"2"
"Spitting Grin B&W.jpg"	"Sketches\grins\spitting-grin.html"	"2"
"Spitting Grin COLOR.jpg"	"Sketches\grins\index.html"	"1"
"Spitting Grin COLOR.jpg"	"Sketches\grins\spitting-grin.html"	"2"
"Spongebob Grin B&W.jpg"	"Sketches\grins\spongebob-grin.html"	"2"
"Spongebob Grin COLOR.jpg"	"Sketches\grins\index.html"	"1"
"Spongebob Grin COLOR.jpg"	"Sketches\grins\spongebob-grin.html"	"2"
"Spongebob Grin in Waves B&W.jpg"	"Sketches\grins\spongebob-grin.html"	"2"
"Spongebob Grin in Waves COLOR.jpg"	"Sketches\grins\spongebob-grin.html"	"2"
"Spongebob Grin in Waves ORIGINAL.jpg"	"Sketches\grins\spongebob-grin.html"	"2"
"Spongebob Grin ORIGINAL COLOR.jpg"	"Sketches\grins\spongebob-grin.html"	"2"
"Spongebob Grin ORIGINAL.jpg"	"Sketches\grins\spongebob-grin.html"	"2"
"Squirrel Squirt Grin B&W.jpg"	"Sketches\grins\squirrel-squirt-grin.html"	"2"
"Squirrel Squirt Grin COLOR.jpg"	"Sketches\grins\squirrel-squirt-grin.html"	"2"
"Squirrel Squirt Grin COLOR.jpg"	"Sketches\grins\index.html"	"1"
"squirrel squirt grin head - B&W - trace girl - png.jpg"	"Sketches\grins\squirrel-squirt-grin.html"	"2"
"Squirrel Squirt Grin Head COLOR.jpg"	"Sketches\grins\squirrel-squirt-grin.html"	"2"
"Squirrel Squirt Grin Head ORIGINAL.jpg"	"Sketches\grins\squirrel-squirt-grin.html"	"2"
"Staples Pigeon Grin front B&W.jpg"	"Sketches\grins\staples-pigeon-grin.html"	"2"
"Staples Pigeon Grin front COLOR.jpg"	"Sketches\grins\staples-pigeon-grin.html"	"2"
"Staples Pigeon Grin front ORIGINAL.jpg"	"Sketches\grins\staples-pigeon-grin.html"	"2"
"Staples Pigeon Grin side B&W.jpg"	"Sketches\grins\staples-pigeon-grin.html"	"2"
"Staples Pigeon Grin side COLOR.jpg"	"Sketches\grins\staples-pigeon-grin.html"	"2"
"Staples Pigeon Grin side COLOR.jpg"	"Sketches\grins\index.html"	"1"
"Staples Pigeon Grin side ORIGINAL.jpg"	"Sketches\grins\staples-pigeon-grin.html"	"2"
"Starskull Trooper Grin B&W.jpg"	"Sketches\grins\starskull-trooper-grin.html"	"2"
"Starskull Trooper Grin COLOR.jpg"	"Sketches\grins\starskull-trooper-grin.html"	"2"
"Starskull Trooper Grin COLOR.jpg"	"Sketches\grins\index.html"	"1"
"Starskull Trooper Grin ORIGINAL.jpeg"	"Sketches\grins\starskull-trooper-grin.html"	"2"
"Stewie Grin B&W.jpg"	"Sketches\grins\stewie-grin.html"	"2"
"Stewie Grin COLOR.jpg"	"Sketches\grins\stewie-grin.html"	"2"
"Stewie Grin COLOR.jpg"	"Sketches\grins\index.html"	"1"
"Stewie Grin ORIGINAL.jpg"	"Sketches\grins\stewie-grin.html"	"2"
"Stitch Grin B&W.jpg"	"Sketches\grins\stitch-grin.html"	"2"
"Stitch Grin COLOR.jpg"	"Sketches\grins\index.html"	"1"
"Stitch Grin COLOR.jpg"	"Sketches\grins\stitch-grin.html"	"2"
"Stitch Grin ORIGINAL COLOR.jpg"	"Sketches\grins\stitch-grin.html"	"2"
"Stitch Grin ORIGINAL.jpg"	"Sketches\grins\stitch-grin.html"	"2"
"Stormtrooper Grin B&W.jpg"	"Sketches\grins\stormtrooper-grin.html"	"2"
"Stormtrooper Grin COLOR.jpg"	"Sketches\grins\index.html"	"1"
"Stormtrooper Grin COLOR.jpg"	"Sketches\grins\stormtrooper-grin.html"	"2"
"Stormtrooper Grin ORIGINAL.jpg"	"Sketches\grins\stormtrooper-grin.html"	"2"
"Street Fighter Guile Grin B&W.jpg"	"Sketches\grins\street-fighter-guile-grin.html"	"2"
"Street Fighter Guile Grin COLOR.jpg"	"Sketches\grins\index.html"	"1"
"Street Fighter Guile Grin COLOR.jpg"	"Sketches\grins\street-fighter-guile-grin.html"	"2"
"Street Fighter Guile Grin ORIGINAL.jpg"	"Sketches\grins\street-fighter-guile-grin.html"	"2"
"Sugar Clown Grin B&W.jpg"	"Sketches\grins\sugar-clown-grin.html"	"2"
"Sugar Clown Grin back B&W.jpg"	"Sketches\grins\sugar-clown-grin.html"	"2"
"Sugar Clown Grin back COLOR.jpg"	"Sketches\grins\sugar-clown-grin.html"	"2"
"Sugar Clown Grin back ORIGINAL.jpg"	"Sketches\grins\sugar-clown-grin.html"	"2"
"Sugar Clown Grin COLOR.jpg"	"Sketches\grins\index.html"	"1"
"Sugar Clown Grin COLOR.jpg"	"Sketches\grins\sugar-clown-grin.html"	"2"
"Sugar Clown Grin left side COLOR.jpg"	"Sketches\grins\sugar-clown-grin.html"	"2"
"Sugar Clown Grin left side ORIGINAL.jpg"	"Sketches\grins\sugar-clown-grin.html"	"2"
"Sugar Clown Grin ORIGINAL.jpg"	"Sketches\grins\sugar-clown-grin.html"	"2"
"Sugar Clown Grin right side B&W.jpg"	"Sketches\grins\sugar-clown-grin.html"	"2"
"Sugar Clown Grin right side COLOR.jpg"	"Sketches\grins\sugar-clown-grin.html"	"2"
"Sugar Clown Grin right side ORIGINAL.jpg"	"Sketches\grins\sugar-clown-grin.html"	"2"
"Sugar Diabetic Bear Grin B&W.jpg"	"Sketches\grins\sugar-diabetic-bear-grin.html"	"2"
"Sugar Diabetic Bear Grin COLOR.jpg"	"Sketches\grins\index.html"	"1"
"Sugar Diabetic Bear Grin COLOR.jpg"	"Sketches\grins\sugar-diabetic-bear-grin.html"	"2"
"Sugar Diabetic Bear Grin ORIGINAL.jpg"	"Sketches\grins\sugar-diabetic-bear-grin.html"	"2"
"Sugar Smack Grin B&W.jpg"	"Sketches\grins\sugar-smack-grin.html"	"2"
"Sugar Smack Grin COLOR.jpg"	"Sketches\grins\index.html"	"1"
"Sugar Smack Grin COLOR.jpg"	"Sketches\grins\sugar-smack-grin.html"	"2"
"Sugar Smack Grin ORIGINAL.jpg"	"Sketches\grins\sugar-smack-grin.html"	"2"
"Surf Girl Grin B&W.png"	"Sketches\grins\surf-girl-grin.html"	"2"
"Surf Girl Grin ORIGINAL COLOR 2.jpg"	"Sketches\grins\surf-girl-grin.html"	"2"
"Surf Girl Grin ORIGINAL COLOR.jpg"	"Sketches\grins\index.html"	"1"
"Surf Girl Grin ORIGINAL COLOR.jpg"	"Sketches\grins\surf-girl-grin.html"	"2"
"Surf Girl Grin ORIGINAL.jpg"	"Sketches\grins\surf-girl-grin.html"	"2"
"Taz Grin B&W.jpg"	"Sketches\grins\taz-grin.html"	"2"
"Taz Grin circle B&W.jpg"	"Sketches\grins\taz-grin.html"	"2"
"Taz Grin circle COLOR.jpg"	"Sketches\grins\index.html"	"1"
"Taz Grin circle COLOR.jpg"	"Sketches\grins\taz-grin.html"	"2"
"Taz Grin COLOR.jpg"	"Sketches\grins\taz-grin.html"	"2"
"Taz Grin Flower Face ORIGINAL.jpg"	"Sketches\grins\taz-grin.html"	"2"
"Taz Grin Flower Face.jpg"	"Sketches\grins\taz-grin.html"	"2"
"Taz Grin ORIGINAL.jpg"	"Sketches\grins\taz-grin.html"	"2"
"Techno Kitten Grin B&W.jpg"	"Sketches\grins\techno-kitten-grin.html"	"2"
"Techno Kitten Grin COLOR.jpg"	"Sketches\grins\techno-kitten-grin.html"	"2"
"Techno Kitten Grin COLOR.jpg"	"Sketches\grins\index.html"	"1"
"Techno Kitten Grin ORIGINAL.jpg"	"Sketches\grins\techno-kitten-grin.html"	"2"
"Teddy Bear Grin COLOR.png"	"Sketches\grins\teddy-bear-grin.html"	"2"
"Teddy Bear Grin ORIGINAL COLOR.jpg"	"Sketches\grins\teddy-bear-grin.html"	"2"
"Teddy Bear Grin ORIGINAL.jpg"	"Sketches\grins\teddy-bear-grin.html"	"2"
"Teddy Bear Grin Standing B&W.jpg"	"Sketches\grins\teddy-bear-grin.html"	"2"
"Teddy Bear Grin Standing B&W.jpg"	"Sketches\grins\angel-wings-grin.html"	"2"
"Teddy Bear Grin Standing card.png"	"Sketches\grins\teddy-bear-grin.html"	"2"
"Teddy Bear Grin Standing card.png"	"Sketches\grins\angel-wings-grin.html"	"2"
"Teddy Bear Grin Standing COLOR.jpg"	"Sketches\grins\index.html"	"1"
"Teddy Bear Grin Standing COLOR.jpg"	"Sketches\grins\teddy-bear-grin.html"	"2"
"Teddy Bear Grin Standing COLOR.jpg"	"Sketches\grins\angel-wings-grin.html"	"2"
"Teddy Bear Grin Standing ORIGINAL COLOR.jpg"	"Sketches\grins\teddy-bear-grin.html"	"2"
"Teddy Bear Grin Standing ORIGINAL COLOR.jpg"	"Sketches\grins\angel-wings-grin.html"	"2"
"Telegrinnie B&W.jpg"	"Sketches\grins\telegrinnie.html"	"2"
"Telegrinnie COLOR.jpg"	"Sketches\grins\telegrinnie.html"	"2"
"Telegrinnie ORIGINAL COLOR.jpg"	"Sketches\grins\telegrinnie.html"	"2"
"Telegrinnie ORIGINAL.jpg"	"Sketches\grins\telegrinnie.html"	"2"
"Telegrinnie side B&W.jpg"	"Sketches\grins\telegrinnie.html"	"2"
"Telegrinnie side COLOR.jpg"	"Sketches\grins\telegrinnie.html"	"2"
"Telegrinnie side ORIGINAL.jpg"	"Sketches\grins\telegrinnie.html"	"2"
"Teletubby Grin Flying B&W.jpg"	"Sketches\grins\telegrinnie.html"	"2"
"Teletubby Grin Flying COLOR.jpg"	"Sketches\grins\telegrinnie.html"	"2"
"Teletubby Grin Flying COLOR.jpg"	"Sketches\grins\index.html"	"1"
"Teletubby Grin Flying ORIGINAL.jpg"	"Sketches\grins\telegrinnie.html"	"2"
"Tiger Grin 2 ORIGINAL colorway 1.jpg"	"Sketches\grins\tiger-grin.html"	"2"
"Tiger Grin 2 ORIGINAL colorway 1.jpg"	"Sketches\grins\index.html"	"1"
"Tiger Grin 2 ORIGINAL colorway 2.jpg"	"Sketches\grins\tiger-grin.html"	"2"
"Tiger Grin 2 ORIGINAL.jpg"	"Sketches\grins\tiger-grin.html"	"2"
"Tiger Grin ORIGINAL COLOR.jpg"	"Sketches\grins\tiger-grin.html"	"2"
"Tiger Grin ORIGINAL.jpg"	"Sketches\grins\tiger-grin.html"	"2"
"Tiger Sphinx B&W.jpg"	"Sketches\grins\tiger-sphinx-grin.html"	"2"
"Tiger Sphinx Grin ORIGINAL COLOR.jpg"	"Sketches\grins\tiger-sphinx-grin.html"	"2"
"Tiger Sphinx Grin ORIGINAL COLOR.jpg"	"Sketches\grins\index.html"	"1"
"Tiger Sphinx Grin ORIGINAL.jpg"	"Sketches\grins\tiger-sphinx-grin.html"	"2"
"Tiger Sphinx Side B&W.jpg"	"Sketches\grins\tiger-sphinx-grin.html"	"2"
"Tiger Sphinx side COLOR.jpg"	"Sketches\grins\tiger-sphinx-grin.html"	"2"
"Tiger Sphinx Side ORIGINAL.jpg"	"Sketches\grins\tiger-sphinx-grin.html"	"2"
"Timid Shark Grin B&W.jpg"	"Sketches\grins\sever-fairy-landshark-grin-mickey-fin.html"	"2"
"Timid Shark Grin B&W.jpg"	"Sketches\grins\timid-shark-grin.html"	"2"
"Timid Shark Grin COLOR.jpg"	"Sketches\grins\index.html"	"1"
"Timid Shark Grin COLOR.jpg"	"Sketches\grins\sever-fairy-landshark-grin-mickey-fin.html"	"2"
"Timid Shark Grin COLOR.jpg"	"Sketches\grins\timid-shark-grin.html"	"2"
"Timid Shark Grin ORIGINAL.jpg"	"Sketches\grins\sever-fairy-landshark-grin-mickey-fin.html"	"2"
"Timid Shark Grin ORIGINAL.jpg"	"Sketches\grins\timid-shark-grin.html"	"2"
"Timmy Turner Grin B&W.jpg"	"Sketches\grins\timmy-turner-grin.html"	"2"
"Timmy Turner Grin COLOR.jpg"	"Sketches\grins\index.html"	"1"
"Timmy Turner Grin COLOR.jpg"	"Sketches\grins\timmy-turner-grin.html"	"2"
"Timmy Turner Grin ORIGINAL.jpg"	"Sketches\grins\timmy-turner-grin.html"	"2"
"Tmnt Leonardo Grin B&W.jpg"	"Sketches\grins\tmnt-leonardo-grin.html"	"2"
"Tmnt Leonardo Grin COLOR.jpg"	"Sketches\grins\tmnt-leonardo-grin.html"	"2"
"Tmnt Leonardo Grin COLOR.jpg"	"Sketches\grins\index.html"	"1"
"Tmnt Leonardo Grin ORIGINAL.jpg"	"Sketches\grins\tmnt-leonardo-grin.html"	"2"
"Tmnt Michelangelo Grin B&W.jpg"	"Sketches\grins\tmnt-michelangelo-grin.html"	"2"
"Tmnt Michelangelo Grin COLOR.jpg"	"Sketches\grins\index.html"	"1"
"Tmnt Michelangelo Grin COLOR.jpg"	"Sketches\grins\tmnt-michelangelo-grin.html"	"2"
"Tmnt Michelangelo Grin ORIGINAL.jpg"	"Sketches\grins\tmnt-michelangelo-grin.html"	"2"
"Tmnt Raphael Grin B&W.jpg"	"Sketches\grins\tmnt-raphael-grin.html"	"2"
"Tmnt Raphael Grin COLOR.jpg"	"Sketches\grins\index.html"	"1"
"Tmnt Raphael Grin COLOR.jpg"	"Sketches\grins\tmnt-raphael-grin.html"	"2"
"Tmnt Raphael Grin ORIGINAL.jpg"	"Sketches\grins\tmnt-raphael-grin.html"	"2"
"Tom N Jerry Grins ORIGINAL COLOR.jpg"	"Sketches\grins\index.html"	"1"
"Tom N Jerry Grins ORIGINAL COLOR.jpg"	"Sketches\grins\tom-n-jerry-grins.html"	"2"
"Tom N Jerry Grins ORIGINAL.jpg"	"Sketches\grins\tom-n-jerry-grins.html"	"2"
"Tony Grin ORIGINAL COLOR.jpg"	"Sketches\grins\tony-tiger-grin.html"	"2"
"Tony Tiger Grin 1 B&W.jpg"	"Sketches\grins\tony-tiger-grin.html"	"2"
"Tony Tiger Grin 1 COLOR.jpg"	"Sketches\grins\tony-tiger-grin.html"	"2"
"Tony Tiger Grin 1 COLOR.jpg"	"Sketches\grins\index.html"	"1"
"Tony Tiger Grin 1 ORIGINAL COLOR.jpg"	"Sketches\grins\tony-tiger-grin.html"	"2"
"Tony Tiger Grin 1 ORIGINAL.jpg"	"Sketches\grins\tony-tiger-grin.html"	"2"
"Tony Tiger Grin 2 B&W.jpg"	"Sketches\grins\tony-tiger-grin.html"	"2"
"Tony Tiger Grin 2 COLOR.jpg"	"Sketches\grins\tony-tiger-grin.html"	"2"
"Tony Tiger Grin 2 ORIGINAL.jpg"	"Sketches\grins\tony-tiger-grin.html"	"2"
"Topcat Grin B&W.jpg"	"Sketches\grins\topcat-grin.html"	"2"
"Topcat Grin COLOR.jpg"	"Sketches\grins\index.html"	"1"
"Topcat Grin COLOR.jpg"	"Sketches\grins\topcat-grin.html"	"2"
"Topcat Grin ORIGINAL.jpg"	"Sketches\grins\topcat-grin.html"	"2"
"Trippy Grin B&W.jpg"	"Sketches\grins\trippy-grin.html"	"2"
"Trippy Grin COLOR.jpg"	"Sketches\grins\trippy-grin.html"	"2"
"Trippy Grin COLORWAY 1.png"	"Sketches\grins\trippy-grin.html"	"2"
"Trippy Grin COLORWAY 2.png"	"Sketches\grins\trippy-grin.html"	"2"
"Trippy Grin COLORWAY 3.png"	"Sketches\grins\index.html"	"1"
"Trippy Grin COLORWAY 3.png"	"Sketches\grins\trippy-grin.html"	"2"
"Trippy Grin ORIGINAL.jpg"	"Sketches\grins\trippy-grin.html"	"2"
"Tupac Grin B&W.jpg"	"Sketches\grins\tupac-grin.html"	"2"
"Tupac Grin COLOR 1.jpg"	"Sketches\grins\tupac-grin.html"	"2"
"Tupac Grin COLOR 2.jpg"	"Sketches\grins\tupac-grin.html"	"2"
"Tupac Grin COLOR.jpg"	"Sketches\grins\tupac-grin.html"	"2"
"Tupac Grin COLOR.jpg"	"Sketches\grins\index.html"	"1"
"Tupac Grin ORIGINAL 1.jpg"	"Sketches\grins\tupac-grin.html"	"2"
"Tweetie Grin ORIGINAL COLOR.jpg"	"Sketches\grins\tweetie-grin.html"	"2"
"Tweetie Grin ORIGINAL COLOR.jpg"	"Sketches\grins\index.html"	"1"
"Tweetie Grin ORIGINAL.jpg"	"Sketches\grins\tweetie-grin.html"	"2"
"Two-Faced Rabbbit Grin back B&W.jpg"	"Sketches\grins\rabbbit-grin.html"	"2"
"Two-Faced Rabbbit Grin back COLOR.jpg"	"Sketches\grins\rabbbit-grin.html"	"2"
"Two-Faced Rabbbit Grin back ORIGINAL.jpg"	"Sketches\grins\rabbbit-grin.html"	"2"
"Two-Faced Rabbbit Grin face B&W.jpg"	"Sketches\grins\rabbbit-grin.html"	"2"
"Two-Faced Rabbbit Grin face COLOR.jpg"	"Sketches\grins\rabbbit-grin.html"	"2"
"Two-Faced Rabbbit Grin face ORIGINAL.jpg"	"Sketches\grins\rabbbit-grin.html"	"2"
"Two-Faced Rabbbit Grin front B&W.jpg"	"Sketches\grins\rabbbit-grin.html"	"2"
"Two-Faced Rabbbit Grin front COLOR.jpg"	"Sketches\grins\rabbbit-grin.html"	"2"
"Two-Faced Rabbbit Grin front ORIGINAL.jpg"	"Sketches\grins\rabbbit-grin.html"	"2"
"Two-Faced Rabbbit Grin front version 2 B&W.jpg"	"Sketches\grins\rabbbit-grin.html"	"2"
"Two-Faced Rabbbit Grin front version 2 COLOR.jpg"	"Sketches\grins\rabbbit-grin.html"	"2"
"Two-Faced Rabbbit Grin front version 2 ORIGINAL.jpg"	"Sketches\grins\rabbbit-grin.html"	"2"
"Two-Faced Rabbbit grin holding record B&W.jpg"	"Sketches\grins\rabbbit-grin.html"	"2"
"Two-Faced Rabbbit grin holding record COLOR.jpg"	"Sketches\grins\rabbbit-grin.html"	"2"
"Two-Faced Rabbbit grin holding record ORIGINAL.jpg"	"Sketches\grins\rabbbit-grin.html"	"2"
"Two-Faced Rabbbit Grin side B&W.jpg"	"Sketches\grins\rabbbit-grin.html"	"2"
"Two-Faced Rabbbit Grin side COLOR.jpg"	"Sketches\grins\rabbbit-grin.html"	"2"
"Two-Faced Rabbbit Grin side ORIGINAL.jpg"	"Sketches\grins\rabbbit-grin.html"	"2"
"Two-Faced Rabbbit Grin three quarters B&W.jpg"	"Sketches\grins\rabbbit-grin.html"	"2"
"Two-Faced Rabbbit Grin three quarters COLOR.jpg"	"Sketches\grins\rabbbit-grin.html"	"2"
"Two-Faced Rabbbit Grin three quarters ORIGINAL.jpg"	"Sketches\grins\rabbbit-grin.html"	"2"
"Ultraman Grin B&W.jpg"	"Sketches\grins\ultraman-grin.html"	"2"
"Ultraman Grin COLOR.jpg"	"Sketches\grins\index.html"	"1"
"Ultraman Grin COLOR.jpg"	"Sketches\grins\ultraman-grin.html"	"2"
"Ultraman Grin ORIGINAL.jpg"	"Sketches\grins\ultraman-grin.html"	"2"
"Unicorn Grin B&W.jpg"	"Sketches\grins\unicorn-grin.html"	"2"
"Unicorn Grin COLOR 1.jpg"	"Sketches\grins\index.html"	"1"
"Unicorn Grin COLOR 1.jpg"	"Sketches\grins\unicorn-grin.html"	"2"
"Unicorn Grin COLOR 2.jpg"	"Sketches\grins\unicorn-grin.html"	"2"
"Unicorn Grin ORIGINAL.jpg"	"Sketches\grins\unicorn-grin.html"	"2"
"Unicorn Grin skewered  1.png"	"Sketches\grins\unicorn-grin.html"	"2"
"Unicorn Grin skewered  2.png"	"Sketches\grins\unicorn-grin.html"	"2"
"Unicorn Grin skewered  3.png"	"Sketches\grins\unicorn-grin.html"	"2"
"Unicorn Grin skewered  4.png"	"Sketches\grins\unicorn-grin.html"	"2"
"Unicorn Grin skewered  5.png"	"Sketches\grins\unicorn-grin.html"	"2"
"Unicorn Grin skewered  6.png"	"Sketches\grins\unicorn-grin.html"	"2"
"Unicorn Grin skewered  7.png"	"Sketches\grins\unicorn-grin.html"	"2"
"Unicorn Grin skewered  8.png"	"Sketches\grins\unicorn-grin.html"	"2"
"Unipig Grin B&W.jpg"	"Sketches\grins\unipig-grin.html"	"2"
"Unipig Grin COLOR.jpg"	"Sketches\grins\index.html"	"1"
"Unipig Grin COLOR.jpg"	"Sketches\grins\unipig-grin.html"	"2"
"Unipig Grin ORIGINAL.jpg"	"Sketches\grins\unipig-grin.html"	"2"
"Urban Bigfoot Grin front face ORIGINAL.jpg"	"Sketches\grins\urban-bigfoot-grin.html"	"2"
"Urban Bigfoot Grin front ORIGINAL.jpg"	"Sketches\grins\urban-bigfoot-grin.html"	"2"
"Urban Bigfoot Grin side head ORIGINAL.jpg"	"Sketches\grins\index.html"	"1"
"Urban Bigfoot Grin side head ORIGINAL.jpg"	"Sketches\grins\urban-bigfoot-grin.html"	"2"
"Urban Bigfoot Grin side ORIGINAL.jpg"	"Sketches\grins\urban-bigfoot-grin.html"	"2"
"Vampire Grin Front B&W.jpg"	"Sketches\grins\vampire-grin.html"	"2"
"Vampire Grin Front COLOR.jpg"	"Sketches\grins\vampire-grin.html"	"2"
"Vampire Grin Front COLOR.jpg"	"Sketches\grins\index.html"	"1"
"Wing Grin body COLOR.png"	"Sketches\grins\wing-grin.html"	"2"
"Wing Grin body COLOR.png"	"Sketches\grins\index.html"	"1"
"Wing Grin body ORIGINAL.jpg"	"Sketches\grins\wing-grin.html"	"2"
"Wing Grin ORIGINAL COLOR.jpg"	"Sketches\grins\wing-grin.html"	"2"
"Wolf Grin B&W.jpg"	"Sketches\grins\wolf-grin.html"	"2"
"Wolf Grin COLOR.jpg"	"Sketches\grins\index.html"	"1"
"Wolf Grin COLOR.jpg"	"Sketches\grins\wolf-grin.html"	"2"
"Wolf Grin ORIGINAL COLOR 2.jpg"	"Sketches\grins\wolf-grin.html"	"2"
"Wolf Grin ORIGINAL COLOR.jpg"	"Sketches\grins\wolf-grin.html"	"2"
"Wolf Grin ORIGINAL.jpg"	"Sketches\grins\wolf-grin.html"	"2"
"Woodstock Grin B&W.jpg"	"Sketches\grins\woodstock-grin.html"	"2"
"Woodstock Grin COLOR.jpg"	"Sketches\grins\woodstock-grin.html"	"2"
"Woodstock Grin ORIGINAL COLOR (2).jpg"	"Sketches\grins\woodstock-grin.html"	"2"
"Woodstock Grin ORIGINAL COLOR.jpg"	"Sketches\grins\woodstock-grin.html"	"2"
"Woodstock Grin ORIGINAL.jpg"	"Sketches\grins\woodstock-grin.html"	"2"
"Woodstock Grin three quarters B&W.jpg"	"Sketches\grins\woodstock-grin.html"	"2"
"Woodstock Grin three quarters COLOR.jpg"	"Sketches\grins\woodstock-grin.html"	"2"
"Woodstock Grin three quarters COLOR.jpg"	"Sketches\grins\index.html"	"1"
"Woodstock Grin three quarters ORIGINAL.jpg"	"Sketches\grins\woodstock-grin.html"	"2"
"Yellow Submarine Grin B&W.jpg"	"Sketches\grins\yellow-submarine-grin.html"	"2"
"Yellow Submarine Grin COLOR.jpg"	"Sketches\grins\yellow-submarine-grin.html"	"2"
"Yellow Submarine Grin COLOR.jpg"	"Sketches\grins\index.html"	"1"
"Yellow Submarine Grin ORIGINAL.jpg"	"Sketches\grins\yellow-submarine-grin.html"	"2"
"Yin Yang Face Grin COLOR.jpg"	"Sketches\grins\grin.html"	"2"
"Yin Yang Grin 1 B&W.jpg"	"Sketches\grins\yin-yang-grin-1.html"	"2"
"Yin Yang Grin 1 card.png"	"Sketches\grins\yin-yang-grin-1.html"	"2"
"Yin Yang Grin 1 COLOR.jpg"	"Sketches\grins\index.html"	"1"
"Yin Yang Grin 1 COLOR.jpg"	"Sketches\grins\yin-yang-grin-1.html"	"2"
"Yin Yang Grin 1 ORIGINAL COLOR.jpg"	"Sketches\grins\yin-yang-grin-1.html"	"2"
"Yin Yang Grin 2 B&W.jpg"	"Sketches\grins\yin-yang-grin-1.html"	"2"
"Yin Yang Grin 2 COLOR.jpg"	"Sketches\grins\yin-yang-grin-1.html"	"2"
"Yin Yang Grin 2 ORIGINAL 2.jpg"	"Sketches\grins\yin-yang-grin-1.html"	"2"
"Yin Yang Grin 2 ORIGINAL COLOR.jpg"	"Sketches\grins\yin-yang-grin-1.html"	"2"
"Yogi Bear Grin B&W.jpg"	"Sketches\grins\yogi-bear-grin.html"	"2"
"Yogi Bear Grin COLOR.jpg"	"Sketches\grins\index.html"	"1"
"Yogi Bear Grin COLOR.jpg"	"Sketches\grins\yogi-bear-grin.html"	"2"
"Yogi Bear Grin ORIGINAL.jpg"	"Sketches\grins\yogi-bear-grin.html"	"2"
"Yucky Charmer Grin B&W.jpg"	"Sketches\grins\yucky-charmer-grin.html"	"2"
"Yucky Charmer Grin COLOR.jpg"	"Sketches\grins\yucky-charmer-grin.html"	"2"
"Yucky Charmer Grin COLOR.jpg"	"Sketches\grins\index.html"	"1"
"Yucky Charmer Grin ORIGINAL.jpg"	"Sketches\grins\yucky-charmer-grin.html"	"2"
"Zephyr Zelephant Grin COLOR.png"	"Sketches\grins\index.html"	"1"
"Zephyr Zelephant Grin COLOR.png"	"Sketches\grins\zephyr-zelephant-grin.html"	"2"
"Zephyr Zelephant Grin ORIGINAL.jpg"	"Sketches\grins\zephyr-zelephant-grin.html"	"2"
